"ONTOLOGY","ID","Description","GeneRatio","BgRatio","RichFactor","FoldEnrichment","zScore","pvalue","p.adjust","qvalue","geneID","Count"
"BP","GO:0097193","intrinsic apoptotic signaling pathway","7/10","294/18842",0.0238095238095238,44.8619047619048,17.4669212087096,2.41807832086863e-11,3.38877759998533e-08,6.4385586075146e-09,"207/7157/7124/836/596/4318/3091",7
"BP","GO:2001233","regulation of apoptotic signaling pathway","7/10","317/18842",0.0220820189274448,41.6069400630915,16.8017508082597,4.10512125982475e-11,3.38877759998533e-08,6.4385586075146e-09,"207/7157/7124/596/4318/3553/3091",7
"BP","GO:2001234","negative regulation of apoptotic signaling pathway","6/10","199/18842",0.0301507537688442,56.8100502512563,18.2383188520465,2.60950952101464e-10,1.43610007306506e-07,2.72853977986794e-08,"207/7124/596/4318/3553/3091",6
"BP","GO:1901099","negative regulation of signal transduction in absence of ligand","4/10","27/18842",0.148148148148148,279.140740740741,33.3271464340765,6.97897298457261e-10,2.30445687950588e-07,4.37838726190029e-08,"207/7124/596/3553",4
"BP","GO:2001240","negative regulation of extrinsic apoptotic signaling pathway in absence of ligand","4/10","27/18842",0.148148148148148,279.140740740741,33.3271464340765,6.97897298457261e-10,2.30445687950588e-07,4.37838726190029e-08,"207/7124/596/3553",4
"BP","GO:2001239","regulation of extrinsic apoptotic signaling pathway in absence of ligand","4/10","31/18842",0.129032258064516,243.122580645161,31.0895153111705,1.24996850729922e-09,3.43949667591836e-07,6.53492307324857e-08,"207/7124/596/3553",4
"BP","GO:0071214","cellular response to abiotic stimulus","6/10","311/18842",0.0192926045016077,36.3511254019293,14.4856424948181,3.82845641321772e-09,7.90097692277807e-07,1.50115790939326e-07,"7157/7124/836/4318/3553/5728",6
"BP","GO:0104004","cellular response to environmental stimulus","6/10","311/18842",0.0192926045016077,36.3511254019293,14.4856424948181,3.82845641321772e-09,7.90097692277807e-07,1.50115790939326e-07,"7157/7124/836/4318/3553/5728",6
"BP","GO:0097192","extrinsic apoptotic signaling pathway in absence of ligand","4/10","43/18842",0.0930232558139535,175.274418604651,26.3635717564743,4.88756049716758e-09,8.85209842196564e-07,1.68186765899185e-07,"207/7124/596/3553",4
"BP","GO:0038034","signal transduction in absence of ligand","4/10","45/18842",0.0888888888888889,167.484444444444,25.7655489286191,5.8978245088808e-09,8.85209842196564e-07,1.68186765899185e-07,"207/7124/596/3553",4
"BP","GO:0150077","regulation of neuroinflammatory response","4/10","45/18842",0.0888888888888889,167.484444444444,25.7655489286191,5.8978245088808e-09,8.85209842196564e-07,1.68186765899185e-07,"7124/4318/3553/3569",4
"BP","GO:0009314","response to radiation","6/10","354/18842",0.0169491525423729,31.935593220339,13.5400062641358,8.3101036820511e-09,1.1433317649222e-06,2.17229026074669e-07,"207/7157/7124/836/596/4318",6
"BP","GO:0048660","regulation of smooth muscle cell proliferation","5/10","160/18842",0.03125,58.88125,16.942986353215,1.00985224021986e-08,1.28251234507922e-06,2.43672848247383e-07,"207/7124/4318/3569/5728",5
"BP","GO:0048659","smooth muscle cell proliferation","5/10","163/18842",0.0306748466257669,57.79754601227,16.782254980031,1.10870242060764e-08,1.29225948136212e-06,2.45524769961371e-07,"207/7124/4318/3569/5728",5
"BP","GO:0001836","release of cytochrome c from mitochondria","4/10","54/18842",0.0740740740740741,139.57037037037,23.4979910439689,1.24897712303631e-08,1.29225948136212e-06,2.45524769961371e-07,"207/7157/596/4318",4
"BP","GO:2001242","regulation of intrinsic apoptotic signaling pathway","5/10","167/18842",0.029940119760479,56.4131736526946,16.5746629768594,1.2523411085278e-08,1.29225948136212e-06,2.45524769961371e-07,"207/7157/596/4318/3091",5
"BP","GO:1902895","positive regulation of miRNA transcription","4/10","55/18842",0.0727272727272727,137.032727272727,23.2809010117067,1.34659233090463e-08,1.30777878724915e-06,2.48473383659183e-07,"7157/7124/3091/3569",4
"BP","GO:0010573","vascular endothelial growth factor production","4/10","63/18842",0.0634920634920635,119.631746031746,21.7339527329515,2.34707399654073e-08,2.15278842682708e-06,4.09022252028735e-07,"7124/3553/3091/3569",4
"BP","GO:2000630","positive regulation of miRNA metabolic process","4/10","64/18842",0.0625,117.7625,21.5611766004304,2.50290641622829e-08,2.17489394378574e-06,4.13222222734643e-07,"7157/7124/3091/3569",4
"BP","GO:0032722","positive regulation of chemokine production","4/10","65/18842",0.0615384615384615,115.950769230769,21.3923851501123,2.66635048460268e-08,2.20107232503952e-06,4.18196023374526e-07,"7124/3553/3091/3569",4
"BP","GO:0043523","regulation of neuron apoptotic process","5/10","201/18842",0.0248756218905473,46.8706467661692,15.0661414714433,3.1717847651608e-08,2.49362697489546e-06,4.73780380961362e-07,"207/7124/836/596/3091",5
"BP","GO:0033002","muscle cell proliferation","5/10","211/18842",0.023696682464455,44.6492890995261,14.6927832430183,4.0439570665992e-08,3.0348059622524e-06,5.76602490835675e-07,"207/7124/4318/3569/5728",5
"BP","GO:1902893","regulation of miRNA transcription","4/10","74/18842",0.0540540540540541,101.848648648649,20.029988393768,4.52104515922831e-08,3.22393577360884e-06,6.12536491781972e-07,"7157/7124/3091/3569",4
"BP","GO:0061614","miRNA transcription","4/10","75/18842",0.0533333333333333,100.490666666667,19.8938710116625,4.77453218095363e-08,3.22393577360884e-06,6.12536491781972e-07,"7157/7124/3091/3569",4
"BP","GO:0060252","positive regulation of glial cell proliferation","3/10","15/18842",0.2,376.84,33.5553536002635,4.88179251000732e-08,3.22393577360884e-06,6.12536491781972e-07,"7124/3553/3569",3
"BP","GO:0051402","neuron apoptotic process","5/10","225/18842",0.0222222222222222,41.8711111111111,14.2120460557963,5.57505486982516e-08,3.54015984233898e-06,6.72617955954615e-07,"207/7124/836/596/3091",5
"BP","GO:0150076","neuroinflammatory response","4/10","80/18842",0.05,94.21,19.2518153551881,6.20483391321512e-08,3.65863599668506e-06,6.95128009826356e-07,"7124/4318/3553/3569",4
"BP","GO:2001237","negative regulation of extrinsic apoptotic signaling pathway","4/10","80/18842",0.05,94.21,19.2518153551881,6.20483391321512e-08,3.65863599668506e-06,6.95128009826356e-07,"207/7124/596/3553",4
"BP","GO:0071887","leukocyte apoptotic process","4/10","85/18842",0.0470588235294118,88.6682352941177,18.666968312587,7.93346824926789e-08,4.51660554466941e-06,8.58139215347307e-07,"207/7157/836/3569",4
"BP","GO:0071216","cellular response to biotic stimulus","5/10","245/18842",0.0204081632653061,38.4530612244898,13.5972996752578,8.52754837823539e-08,4.64250383319336e-06,8.8205944868604e-07,"7157/7124/4318/3553/3569",5
"BP","GO:2000628","regulation of miRNA metabolic process","4/10","87/18842",0.0459770114942529,86.6298850574713,18.4471893324375,8.71699690060533e-08,4.64250383319336e-06,8.8205944868604e-07,"7157/7124/3091/3569",4
"BP","GO:0048661","positive regulation of smooth muscle cell proliferation","4/10","92/18842",0.0434782608695652,81.9217391304348,17.9292547305744,1.09284295672394e-07,5.63838662984756e-06,1.07127368784123e-06,"207/7124/4318/3569",4
"BP","GO:0032602","chemokine production","4/10","95/18842",0.0421052631578947,79.3347368421053,17.6381915121592,1.24418579731532e-07,5.86900214676453e-06,1.11508982736831e-06,"7124/3553/3091/3569",4
"BP","GO:0032642","regulation of chemokine production","4/10","95/18842",0.0421052631578947,79.3347368421053,17.6381915121592,1.24418579731532e-07,5.86900214676453e-06,1.11508982736831e-06,"7124/3553/3091/3569",4
"BP","GO:0050768","negative regulation of neurogenesis","4/10","95/18842",0.0421052631578947,79.3347368421053,17.6381915121592,1.24418579731532e-07,5.86900214676453e-06,1.11508982736831e-06,"7124/3553/3569/5728",4
"BP","GO:0150078","positive regulation of neuroinflammatory response","3/10","21/18842",0.142857142857143,269.171428571429,28.3337826170085,1.42460032987153e-07,6.53337540171639e-06,1.24131841608689e-06,"7124/3553/3569",3
"BP","GO:0008637","apoptotic mitochondrial changes","4/10","99/18842",0.0404040404040404,76.1292929292929,17.270746048259,1.46968129585949e-07,6.55795626882167e-06,1.24598869464048e-06,"207/7157/596/4318",4
"BP","GO:2001243","negative regulation of intrinsic apoptotic signaling pathway","4/10","102/18842",0.0392156862745098,73.8901960784314,17.0093674468428,1.65783984763941e-07,7.1173880824897e-06,1.35227877750769e-06,"207/596/4318/3091",4
"BP","GO:0010586","miRNA metabolic process","4/10","103/18842",0.0388349514563107,73.1728155339806,16.9247712138572,1.72438233373463e-07,7.1173880824897e-06,1.35227877750769e-06,"7157/7124/3091/3569",4
"BP","GO:0051961","negative regulation of nervous system development","4/10","103/18842",0.0388349514563107,73.1728155339806,16.9247712138572,1.72438233373463e-07,7.1173880824897e-06,1.35227877750769e-06,"7124/3553/3569/5728",4
"BP","GO:0002675","positive regulation of acute inflammatory response","3/10","24/18842",0.125,235.525,26.4918193825545,2.16615040651278e-07,8.72271785646977e-06,1.65728580523956e-06,"7124/3553/3569",3
"BP","GO:0062197","cellular response to chemical stress","5/10","301/18842",0.0166112956810631,31.2990033222591,12.2109306744438,2.37533132147152e-07,9.27163032654436e-06,1.76157724971164e-06,"207/7157/836/3091/3569",5
"BP","GO:0032496","response to lipopolysaccharide","5/10","302/18842",0.0165562913907285,31.1953642384106,12.1896891660226,2.4147795520376e-07,9.27163032654436e-06,1.76157724971164e-06,"7124/836/4318/3553/3569",5
"BP","GO:0090594","inflammatory response to wounding","3/10","26/18842",0.115384615384615,217.407692307692,25.4448249658642,2.78105280086483e-07,1.04352685777905e-05,1.98266443698019e-06,"7124/3091/3569",3
"BP","GO:0050995","negative regulation of lipid catabolic process","3/10","27/18842",0.111111111111111,209.355555555556,24.9654045353459,3.12781202934985e-07,1.13738189279102e-05,2.16098571233845e-06,"207/7124/3553",3
"BP","GO:0002237","response to molecule of bacterial origin","5/10","319/18842",0.0156739811912226,29.5329153605016,11.8437594539941,3.16896226943592e-07,1.13738189279102e-05,2.16098571233845e-06,"7124/836/4318/3553/3569",5
"BP","GO:0002696","positive regulation of leukocyte activation","5/10","325/18842",0.0153846153846154,28.9876923076923,11.7280878370476,3.4757657211907e-07,1.20168647497371e-05,2.28316216355106e-06,"207/7124/596/3553/3569",5
"BP","GO:0062012","regulation of small molecule metabolic process","5/10","328/18842",0.0152439024390244,28.7225609756098,11.6714252135079,3.63776281817999e-07,1.20168647497371e-05,2.28316216355106e-06,"207/7157/7124/3553/3091",5
"BP","GO:0034763","negative regulation of transmembrane transport","4/10","124/18842",0.032258064516129,60.7806451612903,15.3902427797262,3.6392685492844e-07,1.20168647497371e-05,2.28316216355106e-06,"207/7124/4318/3553",4
"BP","GO:0043467","regulation of generation of precursor metabolites and energy","4/10","124/18842",0.032258064516129,60.7806451612903,15.3902427797262,3.6392685492844e-07,1.20168647497371e-05,2.28316216355106e-06,"207/7157/7124/3091",4
"BP","GO:0060251","regulation of glial cell proliferation","3/10","29/18842",0.103448275862069,194.91724137931,24.081866670928,3.90518027412087e-07,1.26420639854383e-05,2.40194782598146e-06,"7124/3553/3569",3
"BP","GO:2001236","regulation of extrinsic apoptotic signaling pathway","4/10","127/18842",0.031496062992126,59.3448818897638,15.2024457324605,4.0060345946037e-07,1.27191598378667e-05,2.41659576759494e-06,"207/7124/596/3553",4
"BP","GO:0033135","regulation of peptidyl-serine phosphorylation","3/10","30/18842",0.1,188.42,23.6735194664402,4.33787923795387e-07,1.35129030601167e-05,2.56740419644539e-06,"207/3569/5728",3
"BP","GO:0050867","positive regulation of cell activation","5/10","345/18842",0.0144927536231884,27.3072463768116,11.3641784150736,4.67266106607329e-07,1.42862285557167e-05,2.7143333288301e-06,"207/7124/596/3553/3569",5
"BP","GO:0010575","positive regulation of vascular endothelial growth factor production","3/10","31/18842",0.0967741935483871,182.341935483871,23.2850354756689,4.80131276147683e-07,1.44126679439968e-05,2.73835636922506e-06,"3553/3091/3569",3
"BP","GO:0001503","ossification","5/10","354/18842",0.0141242937853107,26.6129943502825,11.2103912627767,5.30800686030449e-07,1.56491416542191e-05,2.97328203829086e-06,"207/7124/3091/3569/5728",5
"BP","GO:0030099","myeloid cell differentiation","5/10","364/18842",0.0137362637362637,25.8818681318681,11.0461248243518,6.09239092556883e-07,1.76465568738845e-05,3.35278392579781e-06,"7124/836/4318/3553/3091",5
"BP","GO:0009410","response to xenobiotic stimulus","5/10","368/18842",0.0135869565217391,25.6005434782609,10.9822643546816,6.43073936405955e-07,1.83054322242454e-05,3.47796793192331e-06,"7157/7124/836/596/3553",5
"BP","GO:0045429","positive regulation of nitric oxide biosynthetic process","3/10","35/18842",0.0857142857142857,161.502857142857,21.9008403686603,6.98321529636872e-07,1.92154807571746e-05,3.65087396196119e-06,"207/7124/3553",3
"BP","GO:1900017","positive regulation of cytokine production involved in inflammatory response","3/10","35/18842",0.0857142857142857,161.502857142857,21.9008403686603,6.98321529636872e-07,1.92154807571746e-05,3.65087396196119e-06,"7124/3091/3569",3
"BP","GO:1901889","negative regulation of cell junction assembly","3/10","38/18842",0.0789473684210526,148.752631578947,21.0090131934104,8.99329690569155e-07,2.4340874084093e-05,4.62468072113215e-06,"7124/3553/5728",3
"BP","GO:0062013","positive regulation of small molecule metabolic process","4/10","157/18842",0.0254777070063694,48.0050955414013,13.628622649056,9.3702201862667e-07,2.49519895605263e-05,4.74079051868842e-06,"207/7124/3553/3091",4
"BP","GO:0006979","response to oxidative stress","5/10","400/18842",0.0125,23.5525,10.5056863418256,9.7085151444364e-07,2.50449351616633e-05,4.75844985697705e-06,"207/7157/836/3091/3569",5
"BP","GO:0009615","response to virus","5/10","400/18842",0.0125,23.5525,10.5056863418256,9.7085151444364e-07,2.50449351616633e-05,4.75844985697705e-06,"7124/596/3553/3091/3569",5
"BP","GO:0014009","glial cell proliferation","3/10","41/18842",0.0731707317073171,137.868292682927,20.2165970751593,1.13547118796164e-06,2.84039838079494e-05,5.3966573207746e-06,"7124/3553/3569",3
"BP","GO:0090199","regulation of release of cytochrome c from mitochondria","3/10","41/18842",0.0731707317073171,137.868292682927,20.2165970751593,1.13547118796164e-06,2.84039838079494e-05,5.3966573207746e-06,"207/7157/4318",3
"BP","GO:0050729","positive regulation of inflammatory response","4/10","166/18842",0.0240963855421687,45.4024096385542,13.2410492998489,1.17083386108731e-06,2.88514433530618e-05,5.48167306526342e-06,"7124/836/3553/3569",4
"BP","GO:0051051","negative regulation of transport","5/10","418/18842",0.0119617224880383,22.5382775119617,10.2615011656532,1.20628028960993e-06,2.89678356014738e-05,5.50378718431521e-06,"207/7124/4318/3553/5728",5
"BP","GO:0002673","regulation of acute inflammatory response","3/10","42/18842",0.0714285714285714,134.585714285714,19.9714450430778,1.22247404588475e-06,2.89678356014738e-05,5.50378718431521e-06,"7124/3553/3569",3
"BP","GO:1905952","regulation of lipid localization","4/10","168/18842",0.0238095238095238,44.8619047619048,13.1591307835881,1.2281941199898e-06,2.89678356014738e-05,5.50378718431521e-06,"207/7124/3553/3569",4
"BP","GO:0050727","regulation of inflammatory response","5/10","429/18842",0.0116550116550117,21.960372960373,10.1197347103341,1.37103086763478e-06,3.18812952459862e-05,6.05733430029895e-06,"7124/836/4318/3553/3569",5
"BP","GO:0001837","epithelial to mesenchymal transition","4/10","175/18842",0.0228571428571429,43.0674285714286,12.8834293026938,1.44554626572288e-06,3.31471789542844e-05,6.2978477658687e-06,"3553/3091/3569/5728",4
"BP","GO:0000302","response to reactive oxygen species","4/10","179/18842",0.0223463687150838,42.1050279329609,12.733109889814,1.58191755644346e-06,3.55443595736376e-05,6.75330367748033e-06,"207/836/3091/3569",4
"BP","GO:0001774","microglial cell activation","3/10","46/18842",0.0652173913043478,122.882608695652,19.0718003044057,1.61467411751837e-06,3.55443595736376e-05,6.75330367748033e-06,"7124/3553/3569",3
"BP","GO:0002269","leukocyte activation involved in inflammatory response","3/10","46/18842",0.0652173913043478,122.882608695652,19.0718003044057,1.61467411751837e-06,3.55443595736376e-05,6.75330367748033e-06,"7124/3553/3569",3
"BP","GO:0006953","acute-phase response","3/10","47/18842",0.0638297872340425,120.268085106383,18.8649545197823,1.72428438880932e-06,3.64973528964639e-05,6.93436906700643e-06,"7124/3553/3569",3
"BP","GO:0014015","positive regulation of gliogenesis","3/10","47/18842",0.0638297872340425,120.268085106383,18.8649545197823,1.72428438880932e-06,3.64973528964639e-05,6.93436906700643e-06,"7124/3553/3569",3
"BP","GO:0035094","response to nicotine","3/10","47/18842",0.0638297872340425,120.268085106383,18.8649545197823,1.72428438880932e-06,3.64973528964639e-05,6.93436906700643e-06,"7124/836/596",3
"BP","GO:0022411","cellular component disassembly","5/10","455/18842",0.010989010989011,20.7054945054945,9.80485894531072,1.83171938613544e-06,3.80413729394574e-05,7.22772746084242e-06,"7124/836/4318/3553/3569",5
"BP","GO:0097191","extrinsic apoptotic signaling pathway","4/10","186/18842",0.021505376344086,40.5204301075269,12.4816678117639,1.84331304370478e-06,3.80413729394574e-05,7.22772746084242e-06,"207/7124/596/3553",4
"BP","GO:0051052","regulation of DNA metabolic process","5/10","481/18842",0.0103950103950104,19.5862785862786,9.51525797695047,2.40714773901068e-06,4.88799547054458e-05,9.28701998930336e-06,"207/7157/7124/836/3569",5
"BP","GO:0001667","ameboidal-type cell migration","4/10","200/18842",0.02,37.684,12.0184699746946,2.46093823709968e-06,4.88799547054458e-05,9.28701998930336e-06,"207/4318/3091/5728",4
"BP","GO:0043065","positive regulation of apoptotic process","5/10","484/18842",0.0103305785123967,19.4648760330579,9.48331434407098,2.48180008701e-06,4.88799547054458e-05,9.28701998930336e-06,"7157/7124/836/596/3569",5
"BP","GO:0061900","glial cell activation","3/10","53/18842",0.0566037735849057,106.652830188679,17.748881460285,2.48692682935036e-06,4.88799547054458e-05,9.28701998930336e-06,"7124/3553/3569",3
"BP","GO:0007346","regulation of mitotic cell cycle","5/10","492/18842",0.0101626016260163,19.1483739837398,9.39952677492577,2.68985554576947e-06,5.22464883066517e-05,9.92664956828856e-06,"207/7157/7124/3553/5728",5
"BP","GO:0045428","regulation of nitric oxide biosynthetic process","3/10","56/18842",0.0535714285714286,100.939285714286,17.2590484404228,2.94031946098557e-06,5.64472956986881e-05,1.07247882420282e-05,"207/7124/3553",3
"BP","GO:0071222","cellular response to lipopolysaccharide","4/10","210/18842",0.019047619047619,35.8895238095238,11.715982212381,2.98793580648165e-06,5.6702092143692e-05,1.07731986730978e-05,"7124/4318/3553/3569",4
"BP","GO:0048872","homeostasis of number of cells","4/10","214/18842",0.0186915887850467,35.218691588785,11.6008797099419,3.22060824184069e-06,6.0423002355443e-05,1.1480158565413e-05,"207/836/3091/3569",4
"BP","GO:0045732","positive regulation of protein catabolic process","4/10","215/18842",0.0186046511627907,35.0548837209302,11.5725995788772,3.280820323811e-06,6.08610601641794e-05,1.15633880129589e-05,"207/7124/3553/5728",4
"BP","GO:0001649","osteoblast differentiation","4/10","217/18842",0.0184331797235023,34.731797235023,11.5166179354233,3.40374910419662e-06,6.24398863447625e-05,1.18633594508841e-05,"207/7124/3569/5728",4
"BP","GO:0010574","regulation of vascular endothelial growth factor production","3/10","60/18842",0.05,94.21,16.6636819194233,3.62573859049237e-06,6.50662436185098e-05,1.23623581231891e-05,"3553/3091/3569",3
"BP","GO:0080164","regulation of nitric oxide metabolic process","3/10","60/18842",0.05,94.21,16.6636819194233,3.62573859049237e-06,6.50662436185098e-05,1.23623581231891e-05,"207/7124/3553",3
"BP","GO:0071219","cellular response to molecule of bacterial origin","4/10","223/18842",0.0179372197309417,33.7973094170404,11.3531460475527,3.79311266289496e-06,6.73379463058019e-05,1.27939736677159e-05,"7124/4318/3553/3569",4
"BP","GO:0010721","negative regulation of cell development","4/10","225/18842",0.0177777777777778,33.4968888888889,11.3000911647207,3.92996187363276e-06,6.90251814188052e-05,1.31145424226491e-05,"7124/3553/3569/5728",4
"BP","GO:0032890","regulation of organic acid transport","3/10","62/18842",0.0483870967741935,91.1709677419355,16.3877199431551,4.00493605875823e-06,6.96015729790509e-05,1.32240547978942e-05,"207/7124/3553",3
"BP","GO:0050994","regulation of lipid catabolic process","3/10","64/18842",0.046875,88.321875,16.1247178499579,4.40953294406849e-06,7.58347801110113e-05,1.44083422953115e-05,"207/7124/3553",3
"BP","GO:0042063","gliogenesis","4/10","234/18842",0.0170940170940171,32.208547008547,11.0696880279593,4.59164262546528e-06,7.63027360569689e-05,1.44972522840873e-05,"7124/3553/3569/5728",4
"BP","GO:0010632","regulation of epithelial cell migration","3/10","65/18842",0.0461538461538462,86.9630769230769,15.9977637603747,4.6216072717728e-06,7.63027360569689e-05,1.44972522840873e-05,"4318/3091/5728",3
"BP","GO:0010827","regulation of D-glucose transmembrane transport","3/10","65/18842",0.0461538461538462,86.9630769230769,15.9977637603747,4.6216072717728e-06,7.63027360569689e-05,1.44972522840873e-05,"207/7124/3553",3
"BP","GO:0018105","peptidyl-serine phosphorylation","3/10","65/18842",0.0461538461538462,86.9630769230769,15.9977637603747,4.6216072717728e-06,7.63027360569689e-05,1.44972522840873e-05,"207/3569/5728",3
"BP","GO:0032757","positive regulation of interleukin-8 production","3/10","66/18842",0.0454545454545455,85.6454545454545,15.873687381494,4.84033254738915e-06,7.8716395388028e-05,1.4955839093138e-05,"7124/3553/3569",3
"BP","GO:0034599","cellular response to oxidative stress","4/10","238/18842",0.0168067226890756,31.6672268907563,10.971438460446,4.91083508477703e-06,7.8716395388028e-05,1.4955839093138e-05,"207/7157/3091/3569",4
"BP","GO:0048762","mesenchymal cell differentiation","4/10","238/18842",0.0168067226890756,31.6672268907563,10.971438460446,4.91083508477703e-06,7.8716395388028e-05,1.4955839093138e-05,"3553/3091/3569/5728",4
"BP","GO:0018209","peptidyl-serine modification","3/10","67/18842",0.0447761194029851,84.3671641791045,15.7523810673576,5.06580889524584e-06,8.04197162120278e-05,1.52794640767537e-05,"207/3569/5728",3
"BP","GO:1905953","negative regulation of lipid localization","3/10","68/18842",0.0441176470588235,83.1264705882353,15.6337427302315,5.29813632449545e-06,8.33068863975428e-05,1.58280162877157e-05,"207/7124/3569",3
"BP","GO:0006809","nitric oxide biosynthetic process","3/10","70/18842",0.0428571428571429,80.7514285714286,15.4040872735614,5.78374388835087e-06,9.00845392421443e-05,1.71157465613561e-05,"207/7124/3553",3
"BP","GO:1903039","positive regulation of leukocyte cell-cell adhesion","4/10","250/18842",0.016,30.1472,10.690734446923,5.96759511263598e-06,9.20794348688038e-05,1.74947697350273e-05,"207/7124/3553/3569",4
"BP","GO:0014013","regulation of gliogenesis","3/10","76/18842",0.0394736842105263,74.3763157894737,14.7700033667218,7.41535783777436e-06,0.000113358849908939,2.15377839732628e-05,"7124/3553/3569",3
"BP","GO:0051896","regulation of phosphatidylinositol 3-kinase/protein kinase B signal transduction","4/10","265/18842",0.0150943396226415,28.4407547169811,10.366566793737,7.51525833623269e-06,0.00011383203223046,2.16276869550685e-05,"207/7124/3553/5728",4
"BP","GO:0051054","positive regulation of DNA metabolic process","4/10","267/18842",0.0149812734082397,28.2277153558052,10.3253830788401,7.74205888677421e-06,0.000116201265655129,2.2077832997691e-05,"207/7124/836/3569",4
"BP","GO:0048511","rhythmic process","4/10","272/18842",0.0147058823529412,27.7088235294118,10.2243806752857,8.33124085663374e-06,0.000122857941017484,2.33425779739299e-05,"7157/7124/836/5728",4
"BP","GO:0046209","nitric oxide metabolic process","3/10","79/18842",0.0379746835443038,71.5518987341772,14.480210144945,8.33439696787294e-06,0.000122857941017484,2.33425779739299e-05,"207/7124/3553",3
"BP","GO:2001057","reactive nitrogen species metabolic process","3/10","81/18842",0.037037037037037,69.7851851851852,14.2959552676675,8.98713631546737e-06,0.000131307628821563,2.49479890266351e-05,"207/7124/3553",3
"BP","GO:0001666","response to hypoxia","4/10","278/18842",0.0143884892086331,27.1107913669065,10.1067239731952,9.08137655098968e-06,0.000131520637593719,2.49884599463982e-05,"7157/7124/836/3091",4
"BP","GO:0050767","regulation of neurogenesis","4/10","281/18842",0.0142348754448399,26.8213523131673,10.0492860847526,9.47465900272486e-06,0.000136023147943467,2.58439211241374e-05,"7124/3553/3569/5728",4
"BP","GO:0036293","response to decreased oxygen levels","4/10","287/18842",0.0139372822299652,26.2606271777003,9.93707002400941,1.02989051187983e-05,0.000144181835930713,2.73940432320778e-05,"7157/7124/836/3091",4
"BP","GO:0002534","cytokine production involved in inflammatory response","3/10","85/18842",0.0352941176470588,66.5011764705882,13.9469943875519,1.03922704274711e-05,0.000144181835930713,2.73940432320778e-05,"7124/3091/3569",3
"BP","GO:0010631","epithelial cell migration","3/10","85/18842",0.0352941176470588,66.5011764705882,13.9469943875519,1.03922704274711e-05,0.000144181835930713,2.73940432320778e-05,"4318/3091/5728",3
"BP","GO:1900015","regulation of cytokine production involved in inflammatory response","3/10","85/18842",0.0352941176470588,66.5011764705882,13.9469943875519,1.03922704274711e-05,0.000144181835930713,2.73940432320778e-05,"7124/3091/3569",3
"BP","GO:0051251","positive regulation of lymphocyte activation","4/10","289/18842",0.013840830449827,26.078892733564,9.90042775556009,1.05850940374268e-05,0.000145633252131597,2.76698072206419e-05,"207/596/3553/3569",4
"BP","GO:0097194","execution phase of apoptosis","3/10","86/18842",0.0348837209302326,65.7279069767442,13.8635492520632,1.07648880305732e-05,0.000146882893706416,2.79072347378062e-05,"7157/836/3569",3
"BP","GO:0060485","mesenchyme development","4/10","291/18842",0.013745704467354,25.8996563573883,9.86415611982719,1.0877129413061e-05,0.000147197874270195,2.79670799403985e-05,"3553/3091/3569/5728",4
"BP","GO:0090132","epithelium migration","3/10","87/18842",0.0344827586206897,64.9724137931034,13.7815346651741,1.11462351042006e-05,0.000149613285829554,2.84259996666819e-05,"4318/3091/5728",3
"BP","GO:0043491","phosphatidylinositol 3-kinase/protein kinase B signal transduction","4/10","294/18842",0.0136054421768707,25.6353741496599,9.81042983780587,1.13263119386663e-05,0.000150804362989824,2.86523001504463e-05,"207/7124/3553/5728",4
"BP","GO:0071347","cellular response to interleukin-1","3/10","88/18842",0.0340909090909091,64.2340909090909,13.7009099382073,1.15364093695503e-05,0.000152372894953021,2.89503157231663e-05,"3553/3091/3569",3
"BP","GO:0022409","positive regulation of cell-cell adhesion","4/10","297/18842",0.0134680134680135,25.376430976431,9.75750264076018,1.17890809305693e-05,0.000154474385844206,2.93495916233055e-05,"207/7124/3553/3569",4
"BP","GO:1904705","regulation of vascular associated smooth muscle cell proliferation","3/10","89/18842",0.0337078651685393,63.5123595505618,13.6216359859806,1.1935508434197e-05,0.000155161609644561,2.94801617355218e-05,"7124/4318/5728",3
"BP","GO:0032755","positive regulation of interleukin-6 production","3/10","90/18842",0.0333333333333333,62.8066666666667,13.5436752464391,1.23436297921665e-05,0.0001579793239292,3.00155175688748e-05,"7124/3553/3569",3
"BP","GO:1990874","vascular associated smooth muscle cell proliferation","3/10","90/18842",0.0333333333333333,62.8066666666667,13.5436752464391,1.23436297921665e-05,0.0001579793239292,3.00155175688748e-05,"7124/4318/5728",3
"BP","GO:0008630","intrinsic apoptotic signaling pathway in response to DNA damage","3/10","91/18842",0.032967032967033,62.1164835164835,13.4669916051572,1.27608708240093e-05,0.000160825936873583,3.05563640462417e-05,"7157/7124/596",3
"BP","GO:0090130","tissue migration","3/10","91/18842",0.032967032967033,62.1164835164835,13.4669916051572,1.27608708240093e-05,0.000160825936873583,3.05563640462417e-05,"4318/3091/5728",3
"BP","GO:0010562","positive regulation of phosphorus metabolic process","4/10","305/18842",0.0131147540983607,24.7108196721311,9.62012055246241,1.30915533118908e-05,0.00016129966058158,3.06463698895795e-05,"207/4318/3091/3569",4
"BP","GO:0045937","positive regulation of phosphate metabolic process","4/10","305/18842",0.0131147540983607,24.7108196721311,9.62012055246241,1.30915533118908e-05,0.00016129966058158,3.06463698895795e-05,"207/4318/3091/3569",4
"BP","GO:0051607","defense response to virus","4/10","305/18842",0.0131147540983607,24.7108196721311,9.62012055246241,1.30915533118908e-05,0.00016129966058158,3.06463698895795e-05,"7124/596/3553/3569",4
"BP","GO:0021782","glial cell development","3/10","93/18842",0.032258064516129,60.7806451612903,13.3173179761821,1.36231008645832e-05,0.000165380437701668,3.14217032325525e-05,"7124/3569/5728",3
"BP","GO:1904659","D-glucose transmembrane transport","3/10","93/18842",0.032258064516129,60.7806451612903,13.3173179761821,1.36231008645832e-05,0.000165380437701668,3.14217032325525e-05,"207/7124/3553",3
"BP","GO:0031650","regulation of heat generation","2/10","11/18842",0.181818181818182,342.581818181818,26.1130829796772,1.39080931600405e-05,0.000167607750417714,3.18448848382026e-05,"7124/3553",2
"BP","GO:0070482","response to oxygen levels","4/10","312/18842",0.0128205128205128,24.1564102564103,9.50417828870848,1.43159663064399e-05,0.000171272901245886,3.25412506431663e-05,"7157/7124/836/3091",4
"BP","GO:0002367","cytokine production involved in immune response","3/10","96/18842",0.03125,58.88125,13.1015586022798,1.49872714765963e-05,0.000176742751484718,3.3580503007712e-05,"7124/3553/3569",3
"BP","GO:0002718","regulation of cytokine production involved in immune response","3/10","96/18842",0.03125,58.88125,13.1015586022798,1.49872714765963e-05,0.000176742751484718,3.3580503007712e-05,"7124/3553/3569",3
"BP","GO:0008645","hexose transmembrane transport","3/10","99/18842",0.0303030303030303,57.0969696969697,12.8955894557007,1.6438755615667e-05,0.000192485003698342,3.65714757257841e-05,"207/7124/3553",3
"BP","GO:0031649","heat generation","2/10","12/18842",0.166666666666667,314.033333333333,24.9953832945482,1.66849869878256e-05,0.000193992348710564,3.68578659923798e-05,"7124/3553",2
"BP","GO:0002526","acute inflammatory response","3/10","100/18842",0.03,56.526,12.8289813568429,1.69424371501162e-05,0.000195608138005887,3.7164860292489e-05,"7124/3553/3569",3
"BP","GO:0015749","monosaccharide transmembrane transport","3/10","101/18842",0.0297029702970297,55.9663366336634,12.7633550890294,1.74562059389713e-05,0.000198759972449942,3.77636977844895e-05,"207/7124/3553",3
"BP","GO:0042116","macrophage activation","3/10","101/18842",0.0297029702970297,55.9663366336634,12.7633550890294,1.74562059389713e-05,0.000198759972449942,3.77636977844895e-05,"7124/3553/3569",3
"BP","GO:0046889","positive regulation of lipid biosynthetic process","3/10","102/18842",0.0294117647058824,55.4176470588235,12.6986865753545,1.79801581194018e-05,0.00020332356887077,3.86307651015266e-05,"207/7124/3553",3
"BP","GO:0032963","collagen metabolic process","3/10","105/18842",0.0285714285714286,53.8342857142857,12.5101988706905,1.96140746933589e-05,0.000219906938275778,4.17815471364607e-05,"4318/3091/3569",3
"BP","GO:0034116","positive regulation of heterotypic cell-cell adhesion","2/10","13/18842",0.153846153846154,289.876923076923,24.0090319803143,1.97130386825046e-05,0.000219906938275778,4.17815471364607e-05,"7124/3553",2
"BP","GO:0032637","interleukin-8 production","3/10","106/18842",0.0283018867924528,53.3264150943396,12.4491364718605,2.01797195609876e-05,0.000222111446634603,4.22003959942056e-05,"7124/3553/3569",3
"BP","GO:0032677","regulation of interleukin-8 production","3/10","106/18842",0.0283018867924528,53.3264150943396,12.4491364718605,2.01797195609876e-05,0.000222111446634603,4.22003959942056e-05,"7124/3553/3569",3
"BP","GO:0051960","regulation of nervous system development","4/10","346/18842",0.0115606936416185,21.7826589595376,8.99091732175787,2.15044874559533e-05,0.00023512522377337,4.46729680158527e-05,"7124/3553/3569/5728",4
"BP","GO:0002532","production of molecular mediator involved in inflammatory response","3/10","109/18842",0.0275229357798165,51.8587155963303,12.2709651472329,2.19410102422821e-05,0.00023831978888163,4.5279924184211e-05,"7124/3091/3569",3
"BP","GO:0010821","regulation of mitochondrion organization","3/10","110/18842",0.0272727272727273,51.3872727272727,12.2131832192915,2.25498769973905e-05,0.000241935855264158,4.59669641166242e-05,"207/7157/4318",3
"BP","GO:0051547","regulation of keratinocyte migration","2/10","14/18842",0.142857142857143,269.171428571429,23.1301356938084,2.29920342580006e-05,0.000241935855264158,4.59669641166242e-05,"4318/5728",2
"BP","GO:0070141","response to UV-A","2/10","14/18842",0.142857142857143,269.171428571429,23.1301356938084,2.29920342580006e-05,0.000241935855264158,4.59669641166242e-05,"207/4318",2
"BP","GO:2000660","negative regulation of interleukin-1-mediated signaling pathway","2/10","14/18842",0.142857142857143,269.171428571429,23.1301356938084,2.29920342580006e-05,0.000241935855264158,4.59669641166242e-05,"3553/3569",2
"BP","GO:0045765","regulation of angiogenesis","4/10","352/18842",0.0113636363636364,21.4113636363636,8.90796799680237,2.30066197919279e-05,0.000241935855264158,4.59669641166242e-05,"7124/3553/3091/3569",4
"BP","GO:0050673","epithelial cell proliferation","4/10","356/18842",0.0112359550561798,21.1707865168539,8.85380819952175,2.40501592922537e-05,0.000249108573070951,4.73297553477277e-05,"207/7124/3091/3569",4
"BP","GO:0032611","interleukin-1 beta production","3/10","113/18842",0.0265486725663717,50.0230088495575,12.0444130863422,2.4443118617501e-05,0.000249108573070951,4.73297553477277e-05,"7124/3553/3569",3
"BP","GO:0032651","regulation of interleukin-1 beta production","3/10","113/18842",0.0265486725663717,50.0230088495575,12.0444130863422,2.4443118617501e-05,0.000249108573070951,4.73297553477277e-05,"7124/3553/3569",3
"BP","GO:0034219","carbohydrate transmembrane transport","3/10","113/18842",0.0265486725663717,50.0230088495575,12.0444130863422,2.4443118617501e-05,0.000249108573070951,4.73297553477277e-05,"207/7124/3553",3
"BP","GO:0045833","negative regulation of lipid metabolic process","3/10","113/18842",0.0265486725663717,50.0230088495575,12.0444130863422,2.4443118617501e-05,0.000249108573070951,4.73297553477277e-05,"207/7124/3553",3
"BP","GO:1903037","regulation of leukocyte cell-cell adhesion","4/10","359/18842",0.011142061281337,20.9938718662953,8.81376869975055,2.48554336460238e-05,0.000249919895472733,4.74839037590452e-05,"207/7124/3553/3569",4
"BP","GO:0002702","positive regulation of production of molecular mediator of immune response","3/10","114/18842",0.0263157894736842,49.5842105263158,11.9896257594301,2.50967292846837e-05,0.000249919895472733,4.74839037590452e-05,"7124/3553/3569",3
"BP","GO:0007005","mitochondrion organization","4/10","360/18842",0.0111111111111111,20.9355555555556,8.80053070174284,2.51282269221524e-05,0.000249919895472733,4.74839037590452e-05,"207/7157/596/4318",4
"BP","GO:0009895","negative regulation of catabolic process","4/10","360/18842",0.0111111111111111,20.9355555555556,8.80053070174284,2.51282269221524e-05,0.000249919895472733,4.74839037590452e-05,"207/7124/596/3553",4
"BP","GO:1901342","regulation of vasculature development","4/10","362/18842",0.0110497237569061,20.8198895027624,8.7742152183843,2.56804340384905e-05,0.000251651870738597,4.7812972986134e-05,"7124/3553/3091/3569",4
"BP","GO:0010212","response to ionizing radiation","3/10","115/18842",0.0260869565217391,49.1530434782609,11.9355464853019,2.57617629071043e-05,0.000251651870738597,4.7812972986134e-05,"7157/7124/836",3
"BP","GO:0070555","response to interleukin-1","3/10","115/18842",0.0260869565217391,49.1530434782609,11.9355464853019,2.57617629071043e-05,0.000251651870738597,4.7812972986134e-05,"3553/3091/3569",3
"BP","GO:0008643","carbohydrate transport","3/10","116/18842",0.0258620689655172,48.7293103448276,11.8821600050089,2.64383140522479e-05,0.000251651870738597,4.7812972986134e-05,"207/7124/3553",3
"BP","GO:0034349","glial cell apoptotic process","2/10","15/18842",0.133333333333333,251.226666666667,22.340475415643,2.65217598476777e-05,0.000251651870738597,4.7812972986134e-05,"7157/836",2
"BP","GO:0051044","positive regulation of membrane protein ectodomain proteolysis","2/10","15/18842",0.133333333333333,251.226666666667,22.340475415643,2.65217598476777e-05,0.000251651870738597,4.7812972986134e-05,"7124/3553",2
"BP","GO:0072574","hepatocyte proliferation","2/10","15/18842",0.133333333333333,251.226666666667,22.340475415643,2.65217598476777e-05,0.000251651870738597,4.7812972986134e-05,"7124/3569",2
"BP","GO:1903377","negative regulation of oxidative stress-induced neuron intrinsic apoptotic signaling pathway","2/10","15/18842",0.133333333333333,251.226666666667,22.340475415643,2.65217598476777e-05,0.000251651870738597,4.7812972986134e-05,"207/3091",2
"BP","GO:0001932","regulation of protein phosphorylation","4/10","369/18842",0.010840108401084,20.4249322493225,8.68375841491602,2.7683869946228e-05,0.000261177538749842,4.96228165051184e-05,"207/4318/3569/5728",4
"BP","GO:0001818","negative regulation of cytokine production","4/10","371/18842",0.0107816711590297,20.3148247978437,8.6583726931487,2.8276861285219e-05,0.000265256238533503,5.03977551614549e-05,"7124/836/3553/3569",4
"BP","GO:0010717","regulation of epithelial to mesenchymal transition","3/10","119/18842",0.0252100840336134,47.5008403361345,11.7260114888297,2.85380166256997e-05,0.000266193590107516,5.05758486735565e-05,"3553/3569/5728",3
"BP","GO:0050671","positive regulation of lymphocyte proliferation","3/10","120/18842",0.025,47.105,11.6752524774923,2.92615813062031e-05,0.000271409386160344,5.156683163364e-05,"596/3553/3569",3
"BP","GO:0032946","positive regulation of mononuclear cell proliferation","3/10","121/18842",0.0247933884297521,46.7157024793388,11.6251164830902,2.99971346747017e-05,0.00027338035417367,5.19413086446833e-05,"596/3553/3569",3
"BP","GO:0045598","regulation of fat cell differentiation","3/10","121/18842",0.0247933884297521,46.7157024793388,11.6251164830902,2.99971346747017e-05,0.00027338035417367,5.19413086446833e-05,"207/7124/3569",3
"BP","GO:0006309","apoptotic DNA fragmentation","2/10","16/18842",0.125,235.525,21.6258835862788,3.03020017042892e-05,0.00027338035417367,5.19413086446833e-05,"836/3569",2
"BP","GO:0030949","positive regulation of vascular endothelial growth factor receptor signaling pathway","2/10","16/18842",0.125,235.525,21.6258835862788,3.03020017042892e-05,0.00027338035417367,5.19413086446833e-05,"3553/3091",2
"BP","GO:2000659","regulation of interleukin-1-mediated signaling pathway","2/10","16/18842",0.125,235.525,21.6258835862788,3.03020017042892e-05,0.00027338035417367,5.19413086446833e-05,"3553/3569",2
"BP","GO:0051384","response to glucocorticoid","3/10","122/18842",0.0245901639344262,46.3327868852459,11.5755907423967,3.07447706303281e-05,0.000275867479949303,5.24138538205823e-05,"7124/836/3569",3
"BP","GO:0043524","negative regulation of neuron apoptotic process","3/10","124/18842",0.0241935483870968,45.5854838709677,11.4783207737959,3.22766653438728e-05,0.0002880474296364,5.47280015503505e-05,"207/596/3091",3
"BP","GO:0034762","regulation of transmembrane transport","4/10","388/18842",0.0103092783505155,19.4247422680412,8.45037103556946,3.37028629758374e-05,0.000299158208457568,5.68390105647966e-05,"207/7124/4318/3553",4
"BP","GO:1901550","regulation of endothelial cell development","2/10","17/18842",0.117647058823529,221.670588235294,20.9751547183962,3.43325461999281e-05,0.000299910231619478,5.69818923284799e-05,"7124/3553",2
"BP","GO:1903140","regulation of establishment of endothelial barrier","2/10","17/18842",0.117647058823529,221.670588235294,20.9751547183962,3.43325461999281e-05,0.000299910231619478,5.69818923284799e-05,"7124/3553",2
"BP","GO:2000010","positive regulation of protein localization to cell surface","2/10","17/18842",0.117647058823529,221.670588235294,20.9751547183962,3.43325461999281e-05,0.000299910231619478,5.69818923284799e-05,"207/7124",2
"BP","GO:0002262","myeloid cell homeostasis","3/10","128/18842",0.0234375,44.1609375,11.2905810764992,3.54895650508722e-05,0.000306771057062775,5.82854251042155e-05,"836/3091/3569",3
"BP","GO:0045667","regulation of osteoblast differentiation","3/10","128/18842",0.0234375,44.1609375,11.2905810764992,3.54895650508722e-05,0.000306771057062775,5.82854251042155e-05,"7124/3569/5728",3
"BP","GO:0042060","wound healing","4/10","394/18842",0.0101522842639594,19.1289340101523,8.38010549909516,3.57894433400276e-05,0.000307751932054092,5.84717879129837e-05,"7124/3091/3569/5728",4
"BP","GO:0002064","epithelial cell development","3/10","130/18842",0.0230769230769231,43.4815384615385,11.1999364916613,3.71720626656345e-05,0.000316345749798776,6.01045831489912e-05,"207/7124/3553",3
"BP","GO:0009411","response to UV","3/10","130/18842",0.0230769230769231,43.4815384615385,11.1999364916613,3.71720626656345e-05,0.000316345749798776,6.01045831489912e-05,"207/7157/4318",3
"BP","GO:0007610","behavior","4/10","400/18842",0.01,18.842,8.31138258334345,3.79696815124385e-05,0.000319614565300907,6.07256466318151e-05,"207/7157/836/5728",4
"BP","GO:0042176","regulation of protein catabolic process","4/10","401/18842",0.00997506234413965,18.7950124688279,8.30007470119813,3.83423444105616e-05,0.000319614565300907,6.07256466318151e-05,"207/7124/3553/5728",4
"BP","GO:0051223","regulation of protein transport","4/10","401/18842",0.00997506234413965,18.7950124688279,8.30007470119813,3.83423444105616e-05,0.000319614565300907,6.07256466318151e-05,"207/7124/3553/3569",4
"BP","GO:0035743","CD4-positive, alpha-beta T cell cytokine production","2/10","18/18842",0.111111111111111,209.355555555556,20.3792938937853,3.86131798259754e-05,0.000319614565300907,6.07256466318151e-05,"3553/3569",2
"BP","GO:0051546","keratinocyte migration","2/10","18/18842",0.111111111111111,209.355555555556,20.3792938937853,3.86131798259754e-05,0.000319614565300907,6.07256466318151e-05,"4318/5728",2
"BP","GO:0007159","leukocyte cell-cell adhesion","4/10","402/18842",0.0099502487562189,18.7482587064677,8.28880782670255,3.87176941612244e-05,0.000319614565300907,6.07256466318151e-05,"207/7124/3553/3569",4
"BP","GO:0032612","interleukin-1 production","3/10","133/18842",0.0225563909774436,42.5007518796992,11.0677731745677,3.97929609400637e-05,0.000325238507485373,6.17941759256852e-05,"7124/3553/3569",3
"BP","GO:0032652","regulation of interleukin-1 production","3/10","133/18842",0.0225563909774436,42.5007518796992,11.0677731745677,3.97929609400637e-05,0.000325238507485373,6.17941759256852e-05,"7124/3553/3569",3
"BP","GO:0042325","regulation of phosphorylation","4/10","412/18842",0.00970873786407767,18.2932038834951,8.17833986024277,4.26216803518245e-05,0.000346642336260405,6.58608283372762e-05,"207/4318/3569/5728",4
"BP","GO:0002281","macrophage activation involved in immune response","2/10","19/18842",0.105263157894737,198.336842105263,19.8309858882671,4.31436891930496e-05,0.000349167798322181,6.63406572731104e-05,"7124/3553",2
"BP","GO:0045834","positive regulation of lipid metabolic process","3/10","138/18842",0.0217391304347826,40.9608695652174,10.85702851371,4.44263695317395e-05,0.00035605794221797,6.764976045201e-05,"207/7124/3553",3
"BP","GO:0070665","positive regulation of leukocyte proliferation","3/10","138/18842",0.0217391304347826,40.9608695652174,10.85702851371,4.44263695317395e-05,0.00035605794221797,6.764976045201e-05,"596/3553/3569",3
"BP","GO:0030856","regulation of epithelial cell differentiation","3/10","139/18842",0.0215827338129496,40.6661870503597,10.8162314212024,4.53936686234017e-05,0.000359599727154965,6.83226871702506e-05,"7124/4318/3553",3
"BP","GO:2000377","regulation of reactive oxygen species metabolic process","3/10","139/18842",0.0215827338129496,40.6661870503597,10.8162314212024,4.53936686234017e-05,0.000359599727154965,6.83226871702506e-05,"7157/7124/3091",3
"BP","GO:0042391","regulation of membrane potential","4/10","419/18842",0.00954653937947494,17.9875894988067,8.10330797935056,4.55217098578968e-05,0.000359599727154965,6.83226871702506e-05,"207/7124/596/5728",4
"BP","GO:0010829","negative regulation of D-glucose transmembrane transport","2/10","20/18842",0.1,188.42,19.3242122454914,4.79238610309565e-05,0.000376772831248139,7.15855167279451e-05,"7124/3553",2
"BP","GO:0031960","response to corticosteroid","3/10","142/18842",0.0211267605633803,39.8070422535211,10.6964007171545,4.83784560100325e-05,0.000378544222144851,7.19220747866784e-05,"7124/836/3569",3
"BP","GO:0030162","regulation of proteolysis","3/10","146/18842",0.0205479452054795,38.7164383561644,10.5423275322248,5.25550028138319e-05,0.000406633484155537,7.72589360695911e-05,"207/7124/3553",3
"BP","GO:0010744","positive regulation of macrophage derived foam cell differentiation","2/10","21/18842",0.0952380952380952,179.447619047619,18.8539699160057,5.29534821886375e-05,0.000406633484155537,7.72589360695911e-05,"7124/3553",2
"BP","GO:0032891","negative regulation of organic acid transport","2/10","21/18842",0.0952380952380952,179.447619047619,18.8539699160057,5.29534821886375e-05,0.000406633484155537,7.72589360695911e-05,"207/7124",2
"BP","GO:1902004","positive regulation of amyloid-beta formation","2/10","21/18842",0.0952380952380952,179.447619047619,18.8539699160057,5.29534821886375e-05,0.000406633484155537,7.72589360695911e-05,"7124/836",2
"BP","GO:0002700","regulation of production of molecular mediator of immune response","3/10","147/18842",0.0204081632653061,38.4530612244898,10.5047810574631,5.36348968558863e-05,0.000408143093560122,7.75457565627954e-05,"7124/3553/3569",3
"BP","GO:0045785","positive regulation of cell adhesion","4/10","437/18842",0.0091533180778032,17.2466819221968,7.91846930479055,5.36444889779204e-05,0.000408143093560122,7.75457565627954e-05,"207/7124/3553/3569",4
"BP","GO:0006091","generation of precursor metabolites and energy","4/10","438/18842",0.0091324200913242,17.2073059360731,7.9085256061756,5.41249113368573e-05,0.000409909305583263,7.78813306537107e-05,"207/7157/7124/3091",4
"BP","GO:0050796","regulation of insulin secretion","3/10","149/18842",0.0201342281879195,37.9369127516778,10.4308086102936,5.58382313632939e-05,0.00042095397251506,7.99797786410074e-05,"7124/3553/3569",3
"BP","GO:0070201","regulation of establishment of protein localization","4/10","443/18842",0.0090293453724605,17.0130925507901,7.8592973306875,5.65746181497912e-05,0.00042456679347866,8.06662019552046e-05,"207/7124/3553/3569",4
"BP","GO:0010888","negative regulation of lipid storage","2/10","22/18842",0.0909090909090909,171.290909090909,18.4160610864697,5.82323396341198e-05,0.000429203538999695,8.1547167344773e-05,"7124/3569",2
"BP","GO:0033138","positive regulation of peptidyl-serine phosphorylation","2/10","22/18842",0.0909090909090909,171.290909090909,18.4160610864697,5.82323396341198e-05,0.000429203538999695,8.1547167344773e-05,"207/3569",2
"BP","GO:0034114","regulation of heterotypic cell-cell adhesion","2/10","22/18842",0.0909090909090909,171.290909090909,18.4160610864697,5.82323396341198e-05,0.000429203538999695,8.1547167344773e-05,"7124/3553",2
"BP","GO:1903376","regulation of oxidative stress-induced neuron intrinsic apoptotic signaling pathway","2/10","22/18842",0.0909090909090909,171.290909090909,18.4160610864697,5.82323396341198e-05,0.000429203538999695,8.1547167344773e-05,"207/3091",2
"BP","GO:0051249","regulation of lymphocyte activation","4/10","453/18842",0.00883002207505519,16.637527593819,7.76321985684517,6.17172705206293e-05,0.000452867616131374,8.60432590182341e-05,"207/596/3553/3569",4
"BP","GO:0006109","regulation of carbohydrate metabolic process","3/10","155/18842",0.0193548387096774,36.4683870967742,10.2174200469329,6.28031390326978e-05,0.000458796382933558,8.71697039205587e-05,"207/7157/3091",3
"BP","GO:0090200","positive regulation of release of cytochrome c from mitochondria","2/10","23/18842",0.0869565217391304,163.84347826087,18.0069338456093,6.37602204544659e-05,0.000459528311788486,8.7308767836379e-05,"7157/4318",2
"BP","GO:0032635","interleukin-6 production","3/10","156/18842",0.0192307692307692,36.2346153846154,10.1830391653644,6.40166636652645e-05,0.000459528311788486,8.7308767836379e-05,"7124/3553/3569",3
"BP","GO:0032675","regulation of interleukin-6 production","3/10","156/18842",0.0192307692307692,36.2346153846154,10.1830391653644,6.40166636652645e-05,0.000459528311788486,8.7308767836379e-05,"7124/3553/3569",3
"BP","GO:0071478","cellular response to radiation","3/10","156/18842",0.0192307692307692,36.2346153846154,10.1830391653644,6.40166636652645e-05,0.000459528311788486,8.7308767836379e-05,"7157/7124/4318",3
"BP","GO:0043535","regulation of blood vessel endothelial cell migration","3/10","157/18842",0.0191082802547771,36.003821656051,10.1489821716242,6.52454878531859e-05,0.000466321646950692,8.8599477695372e-05,"207/7124/3091",3
"BP","GO:0010638","positive regulation of organelle organization","4/10","466/18842",0.00858369098712446,16.1733905579399,7.64282394964743,6.89061427092728e-05,0.000488533793505516,9.28197076506383e-05,"7157/7124/4318/3553",4
"BP","GO:0030262","apoptotic nuclear changes","2/10","24/18842",0.0833333333333333,157.016666666667,17.62355976549,6.95369118557215e-05,0.000488533793505516,9.28197076506383e-05,"836/3569",2
"BP","GO:0036480","neuron intrinsic apoptotic signaling pathway in response to oxidative stress","2/10","24/18842",0.0833333333333333,157.016666666667,17.62355976549,6.95369118557215e-05,0.000488533793505516,9.28197076506383e-05,"207/3091",2
"BP","GO:0048143","astrocyte activation","2/10","24/18842",0.0833333333333333,157.016666666667,17.62355976549,6.95369118557215e-05,0.000488533793505516,9.28197076506383e-05,"7124/3569",2
"BP","GO:0010876","lipid localization","4/10","468/18842",0.00854700854700855,16.1042735042735,7.62473340983184,7.00643161978667e-05,0.000490153330689314,9.31274140364152e-05,"207/7124/3553/3569",4
"BP","GO:0010001","glial cell differentiation","3/10","162/18842",0.0185185185185185,34.8925925925926,9.98338028640242,7.1622246351215e-05,0.000498938095889688,9.47964886194185e-05,"7124/3569/5728",3
"BP","GO:0022407","regulation of cell-cell adhesion","4/10","472/18842",0.00847457627118644,15.9677966101695,7.58888630413425,7.24234515784245e-05,0.00050239965779823,9.5454173243567e-05,"207/7124/3553/3569",4
"BP","GO:0051043","regulation of membrane protein ectodomain proteolysis","2/10","25/18842",0.08,150.736,17.2633386980303,7.55622011628673e-05,0.000519804975499558,9.87611225725196e-05,"7124/3553",2
"BP","GO:1904996","positive regulation of leukocyte adhesion to vascular endothelial cell","2/10","25/18842",0.08,150.736,17.2633386980303,7.55622011628673e-05,0.000519804975499558,9.87611225725196e-05,"7124/3569",2
"BP","GO:0040008","regulation of growth","4/10","482/18842",0.00829875518672199,15.6365145228216,7.50116296461194,7.85760210238253e-05,0.000538294650250355,0.000102274095938414,"207/7157/596/5728",4
"BP","GO:0072331","signal transduction by p53 class mediator","3/10","168/18842",0.0178571428571429,33.6464285714286,9.79434489953141,7.97979709210792e-05,0.000542614582242704,0.000103094867868485,"207/7157/596",3
"BP","GO:0001936","regulation of endothelial cell proliferation","3/10","169/18842",0.0177514792899408,33.4473372781065,9.76380548690736,8.12173743796078e-05,0.000542614582242704,0.000103094867868485,"207/7124/3091",3
"BP","GO:0010817","regulation of hormone levels","4/10","487/18842",0.0082135523613963,15.4759753593429,7.45828325822167,8.17920577625826e-05,0.000542614582242704,0.000103094867868485,"7124/3553/3091/3569",4
"BP","GO:0002726","positive regulation of T cell cytokine production","2/10","26/18842",0.0769230769230769,144.938461538462,16.9240239135979,8.18358758197658e-05,0.000542614582242704,0.000103094867868485,"3553/3569",2
"BP","GO:0006921","cellular component disassembly involved in execution phase of apoptosis","2/10","26/18842",0.0769230769230769,144.938461538462,16.9240239135979,8.18358758197658e-05,0.000542614582242704,0.000103094867868485,"836/3569",2
"BP","GO:0097421","liver regeneration","2/10","26/18842",0.0769230769230769,144.938461538462,16.9240239135979,8.18358758197658e-05,0.000542614582242704,0.000103094867868485,"7124/3569",2
"BP","GO:1902993","positive regulation of amyloid precursor protein catabolic process","2/10","26/18842",0.0769230769230769,144.938461538462,16.9240239135979,8.18358758197658e-05,0.000542614582242704,0.000103094867868485,"7124/836",2
"BP","GO:2000191","regulation of fatty acid transport","2/10","26/18842",0.0769230769230769,144.938461538462,16.9240239135979,8.18358758197658e-05,0.000542614582242704,0.000103094867868485,"207/3553",2
"BP","GO:0030073","insulin secretion","3/10","171/18842",0.0175438596491228,33.0561403508772,9.70351873370953,8.4105650961616e-05,0.000555433718950512,0.000105530458890786,"7124/3553/3569",3
"BP","GO:0009611","response to wounding","4/10","496/18842",0.00806451612903226,15.1951612903226,7.3826831060802,8.78227546163206e-05,0.000575659931946199,0.000109373368433783,"7124/3091/3569/5728",4
"BP","GO:0046677","response to antibiotic","2/10","27/18842",0.0740740740740741,139.57037037037,16.6036626366153,8.83577233891122e-05,0.000575659931946199,0.000109373368433783,"7157/7124",2
"BP","GO:1902894","negative regulation of miRNA transcription","2/10","27/18842",0.0740740740740741,139.57037037037,16.6036626366153,8.83577233891122e-05,0.000575659931946199,0.000109373368433783,"7124/3091",2
"BP","GO:0050679","positive regulation of epithelial cell proliferation","3/10","174/18842",0.0172413793103448,32.4862068965517,9.61501187504657,8.85630664532614e-05,0.000575659931946199,0.000109373368433783,"207/7124/3091",3
"BP","GO:0001819","positive regulation of cytokine production","4/10","499/18842",0.00801603206412826,15.1038076152305,7.35792263459995,8.99035207104969e-05,0.000578701569639726,0.000109951268929605,"7124/3553/3091/3569",4
"BP","GO:0050769","positive regulation of neurogenesis","3/10","175/18842",0.0171428571428571,32.3005714285714,9.58600781716909,9.00825580844394e-05,0.000578701569639726,0.000109951268929605,"7124/3553/3569",3
"BP","GO:2000045","regulation of G1/S transition of mitotic cell cycle","3/10","175/18842",0.0171428571428571,32.3005714285714,9.58600781716909,9.00825580844394e-05,0.000578701569639726,0.000109951268929605,"207/7157/5728",3
"BP","GO:0015718","monocarboxylic acid transport","3/10","178/18842",0.0168539325842697,31.7561797752809,9.50044134641099,9.47433243887686e-05,0.000606283831650608,0.000115191801990424,"207/7124/3553",3
"BP","GO:0043534","blood vessel endothelial cell migration","3/10","179/18842",0.0167597765363128,31.5787709497207,9.47238988459675,9.63313029143197e-05,0.000614065564137227,0.000116670303875096,"207/7124/3091",3
"BP","GO:0002440","production of molecular mediator of immune response","3/10","182/18842",0.0164835164835165,31.0582417582418,9.38960233291825,0.000101199633771026,0.000640155537762311,0.000121627307375542,"7124/3553/3569",3
"BP","GO:0090276","regulation of peptide hormone secretion","3/10","182/18842",0.0164835164835165,31.0582417582418,9.38960233291825,0.000101199633771026,0.000640155537762311,0.000121627307375542,"7124/3553/3569",3
"BP","GO:0014002","astrocyte development","2/10","29/18842",0.0689655172413793,129.944827586207,16.0131823439199,0.00010214508810979,0.000641222587335599,0.000121830043052701,"7124/3569",2
"BP","GO:2000629","negative regulation of miRNA metabolic process","2/10","29/18842",0.0689655172413793,129.944827586207,16.0131823439199,0.00010214508810979,0.000641222587335599,0.000121830043052701,"7124/3091",2
"BP","GO:0001959","regulation of cytokine-mediated signaling pathway","3/10","184/18842",0.016304347826087,30.720652173913,9.33551872288794,0.000104533057055756,0.00065372756514793,0.000124205944986505,"3553/3091/3569",3
"BP","GO:0001935","endothelial cell proliferation","3/10","186/18842",0.0161290322580645,30.3903225806452,9.28229379928562,0.000107937588943936,0.000669943456189616,0.000127286907421024,"207/7124/3091",3
"BP","GO:0002791","regulation of peptide secretion","3/10","186/18842",0.0161290322580645,30.3903225806452,9.28229379928562,0.000107937588943936,0.000669943456189616,0.000127286907421024,"7124/3553/3569",3
"BP","GO:0006308","DNA catabolic process","2/10","30/18842",0.0666666666666667,125.613333333333,15.7402420896632,0.000109410180980218,0.000676540107858949,0.000128540248106071,"836/3569",2
"BP","GO:0051897","positive regulation of phosphatidylinositol 3-kinase/protein kinase B signal transduction","3/10","188/18842",0.0159574468085106,30.0670212765957,9.22990474410492,0.000111413924458099,0.000683808138588555,0.00012992114845828,"207/7124/3553",3
"BP","GO:0090087","regulation of peptide transport","3/10","188/18842",0.0159574468085106,30.0670212765957,9.22990474410492,0.000111413924458099,0.000683808138588555,0.00012992114845828,"7124/3553/3569",3
"BP","GO:0045444","fat cell differentiation","3/10","191/18842",0.0157068062827225,29.5947643979058,9.15284056157821,0.000116764575697229,0.00071232180675336,0.000135338645422233,"207/7124/3569",3
"BP","GO:0010039","response to iron ion","2/10","31/18842",0.0645161290322581,121.561290322581,15.4805556401674,0.000116922598201187,0.00071232180675336,0.000135338645422233,"596/3091",2
"BP","GO:0031018","endocrine pancreas development","2/10","32/18842",0.0625,117.7625,15.233080197123,0.000124682127928799,0.000754030011759882,0.000143263058117533,"207/3569",2
"BP","GO:0043276","anoikis","2/10","32/18842",0.0625,117.7625,15.233080197123,0.000124682127928799,0.000754030011759882,0.000143263058117533,"207/596",2
"BP","GO:0060759","regulation of response to cytokine stimulus","3/10","196/18842",0.0153061224489796,28.8397959183673,9.02827948898443,0.000126051143636199,0.000759527146508628,0.000144307494443285,"3553/3091/3569",3
"BP","GO:0046890","regulation of lipid biosynthetic process","3/10","197/18842",0.0152284263959391,28.6934010152284,9.00392701133967,0.000127964553853605,0.000768252648772009,0.000145965309276074,"207/7124/3553",3
"BP","GO:0050670","regulation of lymphocyte proliferation","3/10","198/18842",0.0151515151515152,28.5484848484848,8.97975562460604,0.000129896863060724,0.000777027974323387,0.00014763259035887,"596/3553/3569",3
"BP","GO:0030947","regulation of vascular endothelial growth factor receptor signaling pathway","2/10","33/18842",0.0606060606060606,114.193939393939,14.9968843825336,0.000132688558437681,0.000788017302088527,0.000149720524098557,"3553/3091",2
"BP","GO:0070231","T cell apoptotic process","2/10","33/18842",0.0606060606060606,114.193939393939,14.9968843825336,0.000132688558437681,0.000788017302088527,0.000149720524098557,"207/7157",2
"BP","GO:0007623","circadian rhythm","3/10","200/18842",0.015,28.263,8.93194708647095,0.000133818520543382,0.0007890513479183,0.00014991698918018,"7157/7124/5728",3
"BP","GO:0032944","regulation of mononuclear cell proliferation","3/10","200/18842",0.015,28.263,8.93194708647095,0.000133818520543382,0.0007890513479183,0.00014991698918018,"596/3553/3569",3
"BP","GO:0002573","myeloid leukocyte differentiation","3/10","201/18842",0.0149253731343284,28.1223880597015,8.90830551472022,0.000135808039604509,0.000797932645505498,0.000151604404578175,"7124/4318/3553",3
"BP","GO:1902806","regulation of cell cycle G1/S phase transition","3/10","203/18842",0.0147783251231527,27.8453201970443,8.8615370008674,0.000139844884538893,0.000818737249552173,0.000155557206392647,"207/7157/5728",3
"BP","GO:0072593","reactive oxygen species metabolic process","3/10","204/18842",0.0147058823529412,27.7088235294118,8.8384058635922,0.000141892380564882,0.000827789117712438,0.000157277029601394,"7157/7124/3091",3
"BP","GO:0010743","regulation of macrophage derived foam cell differentiation","2/10","35/18842",0.0571428571428571,107.668571428571,14.5550764440965,0.000149441275490108,0.000865710687137432,0.000164481994814597,"7124/3553",2
"BP","GO:1902176","negative regulation of oxidative stress-induced intrinsic apoptotic signaling pathway","2/10","35/18842",0.0571428571428571,107.668571428571,14.5550764440965,0.000149441275490108,0.000865710687137432,0.000164481994814597,"207/3091",2
"BP","GO:0002685","regulation of leukocyte migration","3/10","210/18842",0.0142857142857143,26.9171428571429,8.70303608520838,0.000154589729776716,0.000889294926346194,0.000168962917562667,"207/7124/3569",3
"BP","GO:0030072","peptide hormone secretion","3/10","210/18842",0.0142857142857143,26.9171428571429,8.70303608520838,0.000154589729776716,0.000889294926346194,0.000168962917562667,"7124/3553/3569",3
"BP","GO:0070498","interleukin-1-mediated signaling pathway","2/10","36/18842",0.0555555555555556,104.677777777778,14.3480362922969,0.000158187139175103,0.000906829745757273,0.000172294471762356,"3553/3569",2
"BP","GO:0071674","mononuclear cell migration","3/10","212/18842",0.0141509433962264,26.6632075471698,8.65916851160019,0.000158981302592674,0.000908228825538078,0.000172560292014631,"207/7124/3569",3
"BP","GO:0002790","peptide secretion","3/10","214/18842",0.014018691588785,26.4140186915888,8.61590435222732,0.000163453560090813,0.00092736023268018,0.000176195192284544,"7124/3553/3569",3
"BP","GO:0051962","positive regulation of nervous system development","3/10","214/18842",0.014018691588785,26.4140186915888,8.61590435222732,0.000163453560090813,0.00092736023268018,0.000176195192284544,"7124/3553/3569",3
"BP","GO:2000008","regulation of protein localization to cell surface","2/10","37/18842",0.0540540540540541,101.848648648649,14.1494001356389,0.000167179057924164,0.000945248714495871,0.00017959394110094,"207/7124",2
"BP","GO:0001934","positive regulation of protein phosphorylation","3/10","219/18842",0.0136986301369863,25.8109589041096,8.51029348180282,0.000174991601085301,0.000982690929904191,0.0001867078307319,"207/4318/3569",3
"BP","GO:0034612","response to tumor necrosis factor","3/10","219/18842",0.0136986301369863,25.8109589041096,8.51029348180282,0.000174991601085301,0.000982690929904191,0.0001867078307319,"7157/7124/836",3
"BP","GO:0042771","intrinsic apoptotic signaling pathway in response to DNA damage by p53 class mediator","2/10","38/18842",0.0526315789473684,99.1684210526316,13.958611978894,0.000176416820603808,0.000987336172260633,0.0001875904104904,"7157/596",2
"BP","GO:0002274","myeloid leukocyte activation","3/10","222/18842",0.0135135135135135,25.4621621621622,8.44860958854396,0.000182162839274363,0.00101605016095261,0.000193045967652063,"7124/3553/3569",3
"BP","GO:0010742","macrophage derived foam cell differentiation","2/10","39/18842",0.0512820512820513,96.625641025641,13.7751660282441,0.000185900216198779,0.00103283333840437,0.000196234712515224,"7124/3553",2
"BP","GO:0050890","cognition","3/10","224/18842",0.0133928571428571,25.2348214285714,8.408162030808,0.000187048557348824,0.00103283333840437,0.000196234712515224,"7124/836/5728",3
"BP","GO:0070663","regulation of leukocyte proliferation","3/10","224/18842",0.0133928571428571,25.2348214285714,8.408162030808,0.000187048557348824,0.00103283333840437,0.000196234712515224,"596/3553/3569",3
"BP","GO:0050870","positive regulation of T cell activation","3/10","226/18842",0.0132743362831858,25.0115044247788,8.36824058962489,0.00019201896329489,0.00105674436133288,0.000200777723024131,"207/3553/3569",3
"BP","GO:0046651","lymphocyte proliferation","3/10","227/18842",0.013215859030837,24.9013215859031,8.34847355079492,0.000194536130962811,0.00105896240925774,0.000201199144351944,"596/3553/3569",3
"BP","GO:0002369","T cell cytokine production","2/10","40/18842",0.05,94.21,13.5986010087449,0.000195629033812,0.00105896240925774,0.000201199144351944,"3553/3569",2
"BP","GO:0002724","regulation of T cell cytokine production","2/10","40/18842",0.05,94.21,13.5986010087449,0.000195629033812,0.00105896240925774,0.000201199144351944,"3553/3569",2
"BP","GO:0150146","cell junction disassembly","2/10","40/18842",0.05,94.21,13.5986010087449,0.000195629033812,0.00105896240925774,0.000201199144351944,"836/3553",2
"BP","GO:1904994","regulation of leukocyte adhesion to vascular endothelial cell","2/10","40/18842",0.05,94.21,13.5986010087449,0.000195629033812,0.00105896240925774,0.000201199144351944,"7124/3569",2
"BP","GO:0032943","mononuclear cell proliferation","3/10","230/18842",0.0130434782608696,24.5765217391304,8.28993035189156,0.000202216482623498,0.00109104383271698,0.000207294502310982,"596/3553/3569",3
"BP","GO:0090077","foam cell differentiation","2/10","41/18842",0.048780487804878,91.9121951219512,13.4284952487613,0.000205603062664515,0.0011057024640362,0.000210079590858993,"7124/3553",2
"BP","GO:0010594","regulation of endothelial cell migration","3/10","234/18842",0.0128205128205128,24.1564102564103,8.21359088956298,0.000212760668324386,0.00114048007598559,0.000216687215176579,"207/7124/3091",3
"BP","GO:0000082","G1/S transition of mitotic cell cycle","3/10","235/18842",0.0127659574468085,24.0536170212766,8.19480414645515,0.000215451496551094,0.00114745297034147,0.000218012040652719,"207/7157/5728",3
"BP","GO:0002699","positive regulation of immune effector process","3/10","235/18842",0.0127659574468085,24.0536170212766,8.19480414645515,0.000215451496551094,0.00114745297034147,0.000218012040652719,"7124/3553/3569",3
"BP","GO:0043588","skin development","3/10","236/18842",0.0127118644067797,23.9516949152542,8.17613413303498,0.000218164401030242,0.00115076493961958,0.000218641303201655,"7124/836/596",3
"BP","GO:0046883","regulation of hormone secretion","3/10","236/18842",0.0127118644067797,23.9516949152542,8.17613413303498,0.000218164401030242,0.00115076493961958,0.000218641303201655,"7124/3553/3569",3
"BP","GO:0048732","gland development","3/10","236/18842",0.0127118644067797,23.9516949152542,8.17613413303498,0.000218164401030242,0.00115076493961958,0.000218641303201655,"207/7124/3569",3
"BP","GO:0045930","negative regulation of mitotic cell cycle","3/10","237/18842",0.0126582278481013,23.8506329113924,8.15757962218683,0.00022089946334729,0.00115779369519484,0.000219976742113592,"7157/7124/5728",3
"BP","GO:0051222","positive regulation of protein transport","3/10","237/18842",0.0126582278481013,23.8506329113924,8.15757962218683,0.00022089946334729,0.00115779369519484,0.000219976742113592,"207/7124/3553",3
"BP","GO:0015833","peptide transport","3/10","238/18842",0.0126050420168067,23.7504201680672,8.13913940482422,0.000223656764984683,0.0011685358195877,0.000222017708079399,"7124/3553/3569",3
"BP","GO:0045840","positive regulation of mitotic nuclear division","2/10","43/18842",0.0465116279069767,87.6372093023256,13.1061477783727,0.000226285911561942,0.00117854271289831,0.000223918982717777,"7124/3553",2
"BP","GO:0042327","positive regulation of phosphorylation","3/10","240/18842",0.0125,23.5525,8.10259710232636,0.000229238411635645,0.0011901654641838,0.000226127264705138,"207/4318/3569",3
"BP","GO:0001942","hair follicle development","2/10","44/18842",0.0454545454545455,85.6454545454546,12.9532249930122,0.000236994310639123,0.0012113857797684,0.000230159050254061,"7124/596",2
"BP","GO:0006509","membrane protein ectodomain proteolysis","2/10","44/18842",0.0454545454545455,85.6454545454546,12.9532249930122,0.000236994310639123,0.0012113857797684,0.000230159050254061,"7124/3553",2
"BP","GO:0010634","positive regulation of epithelial cell migration","2/10","44/18842",0.0454545454545455,85.6454545454546,12.9532249930122,0.000236994310639123,0.0012113857797684,0.000230159050254061,"4318/3091",2
"BP","GO:0045601","regulation of endothelial cell differentiation","2/10","44/18842",0.0454545454545455,85.6454545454546,12.9532249930122,0.000236994310639123,0.0012113857797684,0.000230159050254061,"7124/3553",2
"BP","GO:0048512","circadian behavior","2/10","44/18842",0.0454545454545455,85.6454545454546,12.9532249930122,0.000236994310639123,0.0012113857797684,0.000230159050254061,"7157/5728",2
"BP","GO:0050708","regulation of protein secretion","3/10","245/18842",0.0122448979591837,23.0718367346939,8.01316017043635,0.000243587400340788,0.0012412432035884,0.000235831856080426,"7124/3553/3569",3
"BP","GO:0007622","rhythmic behavior","2/10","45/18842",0.0444444444444444,83.7422222222222,12.8053932140234,0.000247947079020038,0.00125186736226937,0.000237850408974638,"7157/5728",2
"BP","GO:0022404","molting cycle process","2/10","45/18842",0.0444444444444444,83.7422222222222,12.8053932140234,0.000247947079020038,0.00125186736226937,0.000237850408974638,"7124/596",2
"BP","GO:0022405","hair cycle process","2/10","45/18842",0.0444444444444444,83.7422222222222,12.8053932140234,0.000247947079020038,0.00125186736226937,0.000237850408974638,"7124/596",2
"BP","GO:0002639","positive regulation of immunoglobulin production","2/10","46/18842",0.0434782608695652,81.9217391304348,12.6623746037027,0.000259144006515607,0.001300446063092,0.000247080191782597,"7124/3569",2
"BP","GO:0061028","establishment of endothelial barrier","2/10","46/18842",0.0434782608695652,81.9217391304348,12.6623746037027,0.000259144006515607,0.001300446063092,0.000247080191782597,"7124/3553",2
"BP","GO:0090068","positive regulation of cell cycle process","3/10","252/18842",0.0119047619047619,22.4309523809524,7.89234022832246,0.000264639502133948,0.001323999448555,0.000251555252427166,"207/7124/3553",3
"BP","GO:0009416","response to light stimulus","3/10","253/18842",0.0118577075098814,22.3422924901186,7.87548060694914,0.000267740101631958,0.0013354649782307,0.000253733662859989,"207/7157/4318",3
"BP","GO:1902175","regulation of oxidative stress-induced intrinsic apoptotic signaling pathway","2/10","47/18842",0.0425531914893617,80.1787234042553,12.5239121146564,0.000270584883054576,0.0013429334657247,0.000255152649294502,"207/3091",2
"BP","GO:0097305","response to alcohol","3/10","254/18842",0.0118110236220472,22.2543307086614,7.85871813078045,0.000270864230215824,0.0013429334657247,0.000255152649294502,"207/7124/836",3
"BP","GO:0010883","regulation of lipid storage","2/10","48/18842",0.0416666666666667,78.5083333333333,12.3897675309378,0.000282269498683463,0.00139112520097432,0.000264308910000541,"7124/3569",2
"BP","GO:0033555","multicellular organismal response to stress","2/10","48/18842",0.0416666666666667,78.5083333333333,12.3897675309378,0.000282269498683463,0.00139112520097432,0.000264308910000541,"207/5728",2
"BP","GO:0070661","leukocyte proliferation","3/10","261/18842",0.0114942528735632,21.6574712643678,7.74402277125083,0.000293398630197433,0.00143280327294488,0.000272227597524673,"596/3553/3569",3
"BP","GO:0031100","animal organ regeneration","2/10","49/18842",0.0408163265306122,76.9061224489796,12.2597197301664,0.000294197643566514,0.00143280327294488,0.000272227597524673,"7124/3569",2
"BP","GO:0048708","astrocyte differentiation","2/10","49/18842",0.0408163265306122,76.9061224489796,12.2597197301664,0.000294197643566514,0.00143280327294488,0.000272227597524673,"7124/3569",2
"BP","GO:2000772","regulation of cellular senescence","2/10","49/18842",0.0408163265306122,76.9061224489796,12.2597197301664,0.000294197643566514,0.00143280327294488,0.000272227597524673,"7157/5728",2
"BP","GO:0006984","ER-nucleus signaling pathway","2/10","50/18842",0.04,75.368,12.1335631377549,0.000306369107985642,0.00147248705406683,0.000279767376780844,"207/7157",2
"BP","GO:0021766","hippocampus development","2/10","50/18842",0.04,75.368,12.1335631377549,0.000306369107985642,0.00147248705406683,0.000279767376780844,"836/5728",2
"BP","GO:0046324","regulation of D-glucose import across plasma membrane","2/10","50/18842",0.04,75.368,12.1335631377549,0.000306369107985642,0.00147248705406683,0.000279767376780844,"207/7124",2
"BP","GO:0044843","cell cycle G1/S phase transition","3/10","265/18842",0.0113207547169811,21.3305660377358,7.68048010918035,0.000306805297758321,0.00147248705406683,0.000279767376780844,"207/7157/5728",3
"BP","GO:1901888","regulation of cell junction assembly","3/10","265/18842",0.0113207547169811,21.3305660377358,7.68048010918035,0.000306805297758321,0.00147248705406683,0.000279767376780844,"7124/3553/5728",3
"BP","GO:0046879","hormone secretion","3/10","268/18842",0.0111940298507463,21.0917910447761,7.63373502893626,0.000317117054839575,0.00151239040098845,0.000287348872769013,"7124/3553/3569",3
"BP","GO:1904951","positive regulation of establishment of protein localization","3/10","268/18842",0.0111940298507463,21.0917910447761,7.63373502893626,0.000317117054839575,0.00151239040098845,0.000287348872769013,"207/7124/3553",3
"BP","GO:1902003","regulation of amyloid-beta formation","2/10","51/18842",0.0392156862745098,73.8901960784314,12.0111063486412,0.000318783682340388,0.00151239040098845,0.000287348872769013,"7124/836",2
"BP","GO:1904707","positive regulation of vascular associated smooth muscle cell proliferation","2/10","51/18842",0.0392156862745098,73.8901960784314,12.0111063486412,0.000318783682340388,0.00151239040098845,0.000287348872769013,"7124/4318",2
"BP","GO:0034976","response to endoplasmic reticulum stress","3/10","269/18842",0.0111524163568773,21.0133828996283,7.61832274184129,0.000320603631848056,0.00151666646470241,0.00028816130988002,"207/7157/596",3
"BP","GO:0001885","endothelial cell development","2/10","52/18842",0.0384615384615385,72.4692307692308,11.8921708954854,0.000331441157147865,0.00155900099843625,0.000296204722837198,"7124/3553",2
"BP","GO:0051785","positive regulation of nuclear division","2/10","52/18842",0.0384615384615385,72.4692307692308,11.8921708954854,0.000331441157147865,0.00155900099843625,0.000296204722837198,"7124/3553",2
"BP","GO:0002366","leukocyte activation involved in immune response","3/10","274/18842",0.0109489051094891,20.6299270072993,7.54249714446551,0.000338409969485926,0.00158725812392404,0.000301573477592123,"7124/3553/3569",3
"BP","GO:0031016","pancreas development","2/10","53/18842",0.0377358490566038,71.1018867924528,11.7765901452859,0.000344341323042709,0.00160142964603806,0.000304266017099265,"207/3569",2
"BP","GO:0045599","negative regulation of fat cell differentiation","2/10","53/18842",0.0377358490566038,71.1018867924528,11.7765901452859,0.000344341323042709,0.00160142964603806,0.000304266017099265,"7124/3569",2
"BP","GO:0070227","lymphocyte apoptotic process","2/10","53/18842",0.0377358490566038,71.1018867924528,11.7765901452859,0.000344341323042709,0.00160142964603806,0.000304266017099265,"207/7157",2
"BP","GO:0002263","cell activation involved in immune response","3/10","279/18842",0.010752688172043,20.2602150537634,7.46866368185147,0.000356845861589668,0.0016532381953862,0.000314109459801133,"7124/3553/3569",3
"BP","GO:0002637","regulation of immunoglobulin production","2/10","54/18842",0.037037037037037,69.7851851851852,11.6642083088841,0.000357483970777028,0.0016532381953862,0.000314109459801133,"7124/3569",2
"BP","GO:0009914","hormone transport","3/10","281/18842",0.0106761565836299,20.1160142348754,7.43966828369813,0.000364398663496556,0.00168050892020339,0.000319290801887603,"7124/3553/3569",3
"BP","GO:0050805","negative regulation of synaptic transmission","2/10","55/18842",0.0363636363636364,68.5163636363636,11.5548795499574,0.000370868891220353,0.00170558367522229,0.000324054917412887,"3553/5728",2
"BP","GO:0008544","epidermis development","3/10","287/18842",0.0104529616724739,19.6954703832753,7.3544570775504,0.000387676893312892,0.00177792930794329,0.000337800333939304,"7124/836/596",3
"BP","GO:0045668","negative regulation of osteoblast differentiation","2/10","57/18842",0.0350877192982456,66.1122807017544,11.3448429425308,0.000398364714298962,0.0018019182008427,0.000342358139469619,"7124/5728",2
"BP","GO:0046824","positive regulation of nucleocytoplasmic transport","2/10","57/18842",0.0350877192982456,66.1122807017544,11.3448429425308,0.000398364714298962,0.0018019182008427,0.000342358139469619,"207/3553",2
"BP","GO:0048010","vascular endothelial growth factor receptor signaling pathway","2/10","57/18842",0.0350877192982456,66.1122807017544,11.3448429425308,0.000398364714298962,0.0018019182008427,0.000342358139469619,"3553/3091",2
"BP","GO:1901224","positive regulation of non-canonical NF-kappaB signal transduction","2/10","57/18842",0.0350877192982456,66.1122807017544,11.3448429425308,0.000398364714298962,0.0018019182008427,0.000342358139469619,"7124/3553",2
"BP","GO:1904645","response to amyloid-beta","2/10","57/18842",0.0350877192982456,66.1122807017544,11.3448429425308,0.000398364714298962,0.0018019182008427,0.000342358139469619,"7124/4318",2
"BP","GO:0043542","endothelial cell migration","3/10","290/18842",0.0103448275862069,19.491724137931,7.31281840744958,0.0003996684531161,0.00180287600025869,0.000342540117999994,"207/7124/3091",3
"BP","GO:0033619","membrane protein proteolysis","2/10","58/18842",0.0344827586206897,64.9724137931035,11.2438863378553,0.00041247519925997,0.00184551911647211,0.000350642160546201,"7124/3553",2
"BP","GO:0043470","regulation of carbohydrate catabolic process","2/10","58/18842",0.0344827586206897,64.9724137931035,11.2438863378553,0.00041247519925997,0.00184551911647211,0.000350642160546201,"7157/3091",2
"BP","GO:0097300","programmed necrotic cell death","2/10","58/18842",0.0344827586206897,64.9724137931035,11.2438863378553,0.00041247519925997,0.00184551911647211,0.000350642160546201,"7157/7124",2
"BP","GO:0006959","humoral immune response","3/10","296/18842",0.0101351351351351,19.0966216216216,7.23139335386059,0.000424366752224298,0.00188420207949407,0.000357991787872889,"596/3553/3569",3
"BP","GO:0010718","positive regulation of epithelial to mesenchymal transition","2/10","59/18842",0.0338983050847458,63.871186440678,11.1454840472651,0.000426827121581334,0.00188420207949407,0.000357991787872889,"3553/3569",2
"BP","GO:0034205","amyloid-beta formation","2/10","59/18842",0.0338983050847458,63.871186440678,11.1454840472651,0.000426827121581334,0.00188420207949407,0.000357991787872889,"7124/836",2
"BP","GO:0061756","leukocyte adhesion to vascular endothelial cell","2/10","59/18842",0.0338983050847458,63.871186440678,11.1454840472651,0.000426827121581334,0.00188420207949407,0.000357991787872889,"7124/3569",2
"BP","GO:1902991","regulation of amyloid precursor protein catabolic process","2/10","59/18842",0.0338983050847458,63.871186440678,11.1454840472651,0.000426827121581334,0.00188420207949407,0.000357991787872889,"7124/836",2
"BP","GO:0034113","heterotypic cell-cell adhesion","2/10","60/18842",0.0333333333333333,62.8066666666667,11.0495293834691,0.00044142027271895,0.00193825763366752,0.000368262153612114,"7124/3553",2
"BP","GO:0034394","protein localization to cell surface","2/10","60/18842",0.0333333333333333,62.8066666666667,11.0495293834691,0.00044142027271895,0.00193825763366752,0.000368262153612114,"207/7124",2
"BP","GO:0008631","intrinsic apoptotic signaling pathway in response to oxidative stress","2/10","62/18842",0.032258064516129,60.7806451612903,10.864566450347,0.000471329427852067,0.00205863726292001,0.000391133861041259,"207/3091",2
"BP","GO:0043525","positive regulation of neuron apoptotic process","2/10","62/18842",0.032258064516129,60.7806451612903,10.864566450347,0.000471329427852067,0.00205863726292001,0.000391133861041259,"7124/836",2
"BP","GO:0010038","response to metal ion","3/10","308/18842",0.00974025974025974,18.3525974025974,7.07553073447341,0.00047668118471745,0.00207651882841296,0.000394531295780587,"836/596/3091",3
"BP","GO:0032731","positive regulation of interleukin-1 beta production","2/10","63/18842",0.0317460317460317,59.815873015873,10.7753737665817,0.000486645015344767,0.00210327466056076,0.000399614810065419,"7124/3569",2
"BP","GO:0070059","intrinsic apoptotic signaling pathway in response to endoplasmic reticulum stress","2/10","63/18842",0.0317460317460317,59.815873015873,10.7753737665817,0.000486645015344767,0.00210327466056076,0.000399614810065419,"7157/596",2
"BP","GO:0071479","cellular response to ionizing radiation","2/10","63/18842",0.0317460317460317,59.815873015873,10.7753737665817,0.000486645015344767,0.00210327466056076,0.000399614810065419,"7157/7124",2
"BP","GO:0045787","positive regulation of cell cycle","3/10","312/18842",0.00961538461538462,18.1173076923077,7.02552521435562,0.000495001456728648,0.00212824845067447,0.000404359742612766,"207/7124/3553",3
"BP","GO:0050678","regulation of epithelial cell proliferation","3/10","312/18842",0.00961538461538462,18.1173076923077,7.02552521435562,0.000495001456728648,0.00212824845067447,0.000404359742612766,"207/7124/3091",3
"BP","GO:0014823","response to activity","2/10","64/18842",0.03125,58.88125,10.6882590994854,0.000502200998648016,0.00214801515224838,0.00040811534659697,"7124/3569",2
"BP","GO:1903078","positive regulation of protein localization to plasma membrane","2/10","64/18842",0.03125,58.88125,10.6882590994854,0.000502200998648016,0.00214801515224838,0.00040811534659697,"207/7124",2
"BP","GO:0002009","morphogenesis of an epithelium","3/10","316/18842",0.00949367088607595,17.8879746835443,6.97644271889824,0.000513770717344683,0.00219182287942137,0.000416438661141617,"7124/596/5728",3
"BP","GO:0050871","positive regulation of B cell activation","2/10","65/18842",0.0307692307692308,57.9753846153846,10.6031423706371,0.000517997169802815,0.0021951261673247,0.000417066274259785,"596/3569",2
"BP","GO:2000134","negative regulation of G1/S transition of mitotic cell cycle","2/10","65/18842",0.0307692307692308,57.9753846153846,10.6031423706371,0.000517997169802815,0.0021951261673247,0.000417066274259785,"7157/5728",2
"BP","GO:0048545","response to steroid hormone","3/10","317/18842",0.00946372239747634,17.8315457413249,6.96431291853504,0.000518533740312921,0.0021951261673247,0.000417066274259785,"7124/836/3569",3
"BP","GO:0002711","positive regulation of T cell mediated immunity","2/10","66/18842",0.0303030303030303,57.0969696969697,10.5199477609357,0.000534033320967049,0.00224348349342646,0.000426253996647062,"3553/3569",2
"BP","GO:0042303","molting cycle","2/10","66/18842",0.0303030303030303,57.0969696969697,10.5199477609357,0.000534033320967049,0.00224348349342646,0.000426253996647062,"7124/596",2
"BP","GO:0042633","hair cycle","2/10","66/18842",0.0303030303030303,57.0969696969697,10.5199477609357,0.000534033320967049,0.00224348349342646,0.000426253996647062,"7124/596",2
"BP","GO:0009306","protein secretion","3/10","323/18842",0.00928792569659443,17.5003095975232,6.89268355500746,0.000547711476568844,0.00229510570511462,0.000436062035846956,"7124/3553/3569",3
"BP","GO:0035592","establishment of protein localization to extracellular region","3/10","326/18842",0.00920245398773006,17.339263803681,6.85758896790809,0.000562689089085853,0.0023459588032342,0.000445723946165827,"7124/3553/3569",3
"BP","GO:0071692","protein localization to extracellular region","3/10","326/18842",0.00920245398773006,17.339263803681,6.85758896790809,0.000562689089085853,0.0023459588032342,0.000445723946165827,"7124/3553/3569",3
"BP","GO:0002720","positive regulation of cytokine production involved in immune response","2/10","68/18842",0.0294117647058824,55.4176470588235,10.359041220311,0.000566824732539379,0.00235132571211687,0.000446743640033682,"3553/3569",2
"BP","GO:0072332","intrinsic apoptotic signaling pathway by p53 class mediator","2/10","68/18842",0.0294117647058824,55.4176470588235,10.359041220311,0.000566824732539379,0.00235132571211687,0.000446743640033682,"7157/596",2
"BP","GO:0045862","positive regulation of proteolysis","2/10","69/18842",0.0289855072463768,54.6144927536232,10.2811964788304,0.000583579577847146,0.00240872470756409,0.000457649247890657,"7124/3553",2
"BP","GO:0120193","tight junction organization","2/10","69/18842",0.0289855072463768,54.6144927536232,10.2811964788304,0.000583579577847146,0.00240872470756409,0.000457649247890657,"7124/3553",2
"BP","GO:0019216","regulation of lipid metabolic process","3/10","331/18842",0.00906344410876133,17.0773413897281,6.80012729062372,0.000588234480282195,0.00242188310959078,0.00046014929813386,"207/7124/3553",3
"BP","GO:0015849","organic acid transport","3/10","332/18842",0.00903614457831325,17.0259036144578,6.7887858766578,0.000593431615168928,0.0024311553266598,0.000461910986862584,"207/7124/3553",3
"BP","GO:0046942","carboxylic acid transport","3/10","332/18842",0.00903614457831325,17.0259036144578,6.7887858766578,0.000593431615168928,0.0024311553266598,0.000461910986862584,"207/7124/3553",3
"BP","GO:0021761","limbic system development","2/10","70/18842",0.0285714285714286,53.8342857142857,10.2050077692365,0.000600573572963581,0.00245432418060117,0.00046631298786646,"836/5728",2
"BP","GO:0050435","amyloid-beta metabolic process","2/10","71/18842",0.028169014084507,53.0760563380282,10.1304166979134,0.000617806510630178,0.00250613894115583,0.000476157610675787,"7124/836",2
"BP","GO:0061045","negative regulation of wound healing","2/10","71/18842",0.028169014084507,53.0760563380282,10.1304166979134,0.000617806510630178,0.00250613894115583,0.000476157610675787,"7124/5728",2
"BP","GO:0071346","cellular response to type II interferon","2/10","71/18842",0.028169014084507,53.0760563380282,10.1304166979134,0.000617806510630178,0.00250613894115583,0.000476157610675787,"7157/7124",2
"BP","GO:0008625","extrinsic apoptotic signaling pathway via death domain receptors","2/10","72/18842",0.0277777777777778,52.3388888888889,10.0573677171851,0.000635278183704996,0.00254573854683725,0.000483681396893431,"7124/596",2
"BP","GO:0042987","amyloid precursor protein catabolic process","2/10","72/18842",0.0277777777777778,52.3388888888889,10.0573677171851,0.000635278183704996,0.00254573854683725,0.000483681396893431,"7124/836",2
"BP","GO:0098704","carbohydrate import across plasma membrane","2/10","72/18842",0.0277777777777778,52.3388888888889,10.0573677171851,0.000635278183704996,0.00254573854683725,0.000483681396893431,"207/7124",2
"BP","GO:0098708","D-glucose import across plasma membrane","2/10","72/18842",0.0277777777777778,52.3388888888889,10.0573677171851,0.000635278183704996,0.00254573854683725,0.000483681396893431,"207/7124",2
"BP","GO:0140271","hexose import across plasma membrane","2/10","72/18842",0.0277777777777778,52.3388888888889,10.0573677171851,0.000635278183704996,0.00254573854683725,0.000483681396893431,"207/7124",2
"BP","GO:0006970","response to osmotic stress","2/10","73/18842",0.0273972602739726,51.6219178082192,9.9858079493603,0.00065298838516263,0.00259779234675542,0.000493571436343598,"7124/836",2
"BP","GO:0022617","extracellular matrix disassembly","2/10","73/18842",0.0273972602739726,51.6219178082192,9.9858079493603,0.00065298838516263,0.00259779234675542,0.000493571436343598,"4318/3569",2
"BP","GO:1902807","negative regulation of cell cycle G1/S phase transition","2/10","73/18842",0.0273972602739726,51.6219178082192,9.9858079493603,0.00065298838516263,0.00259779234675542,0.000493571436343598,"7157/5728",2
"BP","GO:1901990","regulation of mitotic cell cycle phase transition","3/10","345/18842",0.00869565217391304,16.384347826087,6.64571544246855,0.000663706808510517,0.00263408639627611,0.000500467178482121,"207/7157/5728",3
"BP","GO:0031401","positive regulation of protein modification process","3/10","346/18842",0.00867052023121387,16.3369942196532,6.63503391272742,0.000669323738432276,0.00263742103634147,0.000501100748401134,"207/4318/3569",3
"BP","GO:0050863","regulation of T cell activation","3/10","346/18842",0.00867052023121387,16.3369942196532,6.63503391272742,0.000669323738432276,0.00263742103634147,0.000501100748401134,"207/3553/3569",3
"BP","GO:0032732","positive regulation of interleukin-1 production","2/10","74/18842",0.027027027027027,50.9243243243243,9.91568702389675,0.000670936908094136,0.00263742103634147,0.000501100748401134,"7124/3569",2
"BP","GO:0098773","skin epidermis development","2/10","74/18842",0.027027027027027,50.9243243243243,9.91568702389675,0.000670936908094136,0.00263742103634147,0.000501100748401134,"7124/596",2
"BP","GO:0002697","regulation of immune effector process","3/10","347/18842",0.00864553314121038,16.2899135446686,6.6243969928345,0.000674971186779672,0.00264070480894132,0.000501724653680076,"7124/3553/3569",3
"BP","GO:0016042","lipid catabolic process","3/10","347/18842",0.00864553314121038,16.2899135446686,6.6243969928345,0.000674971186779672,0.00264070480894132,0.000501724653680076,"207/7124/3553",3
"BP","GO:0001776","leukocyte homeostasis","2/10","75/18842",0.0266666666666667,50.2453333333333,9.84695692654241,0.000689123545707005,0.00268969970203845,0.00051103351156075,"207/3569",2
"BP","GO:0050900","leukocyte migration","3/10","352/18842",0.00852272727272727,16.0585227272727,6.57187049936681,0.000703668671308774,0.00273999286870468,0.000520589036866968,"207/7124/3569",3
"BP","GO:0045913","positive regulation of carbohydrate metabolic process","2/10","76/18842",0.0263157894736842,49.5842105263158,9.77957185942752,0.00070754809132509,0.00274216408163785,0.000521001559710593,"207/3091",2
"BP","GO:1904377","positive regulation of protein localization to cell periphery","2/10","76/18842",0.0263157894736842,49.5842105263158,9.77957185942752,0.00070754809132509,0.00274216408163785,0.000521001559710593,"207/7124",2
"BP","GO:0035270","endocrine system development","2/10","77/18842",0.025974025974026,48.9402597402597,9.71348811117948,0.000726210338388581,0.00280133941280268,0.000532244665124932,"207/3569",2
"BP","GO:0045069","regulation of viral genome replication","2/10","77/18842",0.025974025974026,48.9402597402597,9.71348811117948,0.000726210338388581,0.00280133941280268,0.000532244665124932,"7124/596",2
"BP","GO:0010506","regulation of autophagy","3/10","358/18842",0.00837988826815642,15.7893854748603,6.51024622058365,0.000739127447842743,0.00284452078412207,0.000540448974253803,"207/836/596",3
"BP","GO:0010720","positive regulation of cell development","3/10","362/18842",0.00828729281767956,15.6149171270718,6.46998704275854,0.000763392879763326,0.00292754519856384,0.000556223321860451,"7124/3553/3569",3
"BP","GO:0034644","cellular response to UV","2/10","79/18842",0.0253164556962025,47.7012658227848,9.58505944250755,0.000764247111193831,0.00292754519856384,0.000556223321860451,"7157/4318",2
"BP","GO:0030336","negative regulation of cell migration","3/10","365/18842",0.00821917808219178,15.4865753424658,6.44021230457903,0.000781923889142059,0.00298789524591147,0.000567689619230207,"207/7124/5728",3
"BP","GO:0043536","positive regulation of blood vessel endothelial cell migration","2/10","80/18842",0.025,47.105,9.5226364869751,0.000783621224397133,0.00298789524591147,0.000567689619230207,"207/3091",2
"BP","GO:0001558","regulation of cell growth","3/10","367/18842",0.00817438692098093,15.4021798365123,6.42055824625043,0.000794436994827977,0.00302215548032486,0.000574198943630214,"207/7157/596",3
"BP","GO:2000278","regulation of DNA biosynthetic process","2/10","81/18842",0.0246913580246914,46.5234567901235,9.46135857814582,0.000803232213968821,0.0030485893914081,0.000579221294041642,"7157/7124",2
"BP","GO:0006140","regulation of nucleotide metabolic process","2/10","82/18842",0.024390243902439,45.9560975609756,9.40119078525514,0.000823079873929956,0.00308842016331445,0.000586789001031404,"7157/3091",2
"BP","GO:0007626","locomotory behavior","2/10","82/18842",0.024390243902439,45.9560975609756,9.40119078525514,0.000823079873929956,0.00308842016331445,0.000586789001031404,"836/5728",2
"BP","GO:0019915","lipid storage","2/10","82/18842",0.024390243902439,45.9560975609756,9.40119078525514,0.000823079873929956,0.00308842016331445,0.000586789001031404,"7124/3569",2
"BP","GO:0098586","cellular response to virus","2/10","82/18842",0.024390243902439,45.9560975609756,9.40119078525514,0.000823079873929956,0.00308842016331445,0.000586789001031404,"3091/3569",2
"BP","GO:1900542","regulation of purine nucleotide metabolic process","2/10","82/18842",0.024390243902439,45.9560975609756,9.40119078525514,0.000823079873929956,0.00308842016331445,0.000586789001031404,"7157/3091",2
"BP","GO:0042542","response to hydrogen peroxide","2/10","83/18842",0.0240963855421687,45.4024096385542,9.3420996534283,0.00084316399841762,0.00315660716867912,0.000599744292942955,"836/3569",2
"BP","GO:2000146","negative regulation of cell motility","3/10","380/18842",0.00789473684210526,14.8752631578947,6.29647387458361,0.000878914679949859,0.00328300483393035,0.000623759406108735,"207/7124/5728",3
"BP","GO:0045786","negative regulation of cell cycle","3/10","382/18842",0.00785340314136126,14.7973821989529,6.27792726779299,0.000892400488771488,0.00332585374031992,0.000631900548066778,"7157/7124/5728",3
"BP","GO:0015980","energy derivation by oxidation of organic compounds","3/10","383/18842",0.00783289817232376,14.7587467362924,6.26870641158789,0.00089919285805517,0.00333610653629008,0.000633848543348175,"207/7124/3091",3
"BP","GO:0016032","viral process","3/10","383/18842",0.00783289817232376,14.7587467362924,6.26870641158789,0.00089919285805517,0.00333610653629008,0.000633848543348175,"7157/7124/596",3
"BP","GO:0002377","immunoglobulin production","2/10","86/18842",0.0232558139534884,43.8186046511628,9.17097218513952,0.000904833102150011,0.00334201219608427,0.000634970598000008,"7124/3569",2
"BP","GO:1905477","positive regulation of protein localization to membrane","2/10","86/18842",0.0232558139534884,43.8186046511628,9.17097218513952,0.000904833102150011,0.00334201219608427,0.000634970598000008,"207/7124",2
"BP","GO:0042102","positive regulation of T cell proliferation","2/10","87/18842",0.0229885057471264,43.3149425287356,9.11587999791073,0.000925861028433441,0.00340444667693454,0.000646832930425895,"3553/3569",2
"BP","GO:0170062","nutrient storage","2/10","87/18842",0.0229885057471264,43.3149425287356,9.11587999791073,0.000925861028433441,0.00340444667693454,0.000646832930425895,"7124/3569",2
"BP","GO:0040013","negative regulation of locomotion","3/10","389/18842",0.0077120822622108,14.5311053984576,6.21410144402795,0.000940643807505038,0.00345111761375737,0.000655700244763746,"207/7124/5728",3
"BP","GO:0018193","peptidyl-amino acid modification","3/10","391/18842",0.00767263427109974,14.4567774936061,6.19616890250419,0.000954727816615368,0.00349502355927267,0.000664042220449013,"207/3569/5728",3
"BP","GO:0010507","negative regulation of autophagy","2/10","89/18842",0.0224719101123595,42.3415730337079,9.00845629571084,0.000968622986684343,0.00353804546684923,0.00067221623202593,"207/596",2
"BP","GO:0002275","myeloid cell activation involved in immune response","2/10","90/18842",0.0222222222222222,41.8711111111111,8.95607360344114,0.000990356608431891,0.00360149506722699,0.000684271433602373,"7124/3553",2
"BP","GO:0090316","positive regulation of intracellular protein transport","2/10","90/18842",0.0222222222222222,41.8711111111111,8.95607360344114,0.000990356608431891,0.00360149506722699,0.000684271433602373,"207/3553",2
"BP","GO:0001889","liver development","2/10","92/18842",0.0217391304347826,40.9608695652174,8.85384591815544,0.00103452811248868,0.00373743088341096,0.000710098761998449,"7124/3569",2
"BP","GO:0090398","cellular senescence","2/10","92/18842",0.0217391304347826,40.9608695652174,8.85384591815544,0.00103452811248868,0.00373743088341096,0.000710098761998449,"7157/5728",2
"BP","GO:1903035","negative regulation of response to wounding","2/10","92/18842",0.0217391304347826,40.9608695652174,8.85384591815544,0.00103452811248868,0.00373743088341096,0.000710098761998449,"7124/5728",2
"BP","GO:0061008","hepaticobiliary system development","2/10","93/18842",0.021505376344086,40.5204301075269,8.80395540860126,0.00105696558527163,0.00381015323424336,0.000723915753645013,"7124/3569",2
"BP","GO:0048729","tissue morphogenesis","3/10","408/18842",0.00735294117647059,13.8544117647059,6.04889783686296,0.0010799215923391,0.0038844238539256,0.000738026910943817,"7124/596/5728",3
"BP","GO:0046330","positive regulation of JNK cascade","2/10","96/18842",0.0208333333333333,39.2541666666667,8.65892160871978,0.00112568243190602,0.00404022107625401,0.0007676278368604,"7124/3553",2
"BP","GO:0032102","negative regulation of response to external stimulus","3/10","416/18842",0.00721153846153846,13.5879807692308,5.982613611005,0.00114228821873101,0.00408855742539842,0.000776811573699339,"7124/3553/5728",3
"BP","GO:0045639","positive regulation of myeloid cell differentiation","2/10","97/18842",0.0206185567010309,38.8494845360825,8.61205641518978,0.00114905550901567,0.00408855742539842,0.000776811573699339,"7124/3091",2
"BP","GO:0050905","neuromuscular process","2/10","97/18842",0.0206185567010309,38.8494845360825,8.61205641518978,0.00114905550901567,0.00408855742539842,0.000776811573699339,"7124/5728",2
"BP","GO:2000060","positive regulation of ubiquitin-dependent protein catabolic process","2/10","97/18842",0.0206185567010309,38.8494845360825,8.61205641518978,0.00114905550901567,0.00408855742539842,0.000776811573699339,"207/5728",2
"BP","GO:0042982","amyloid precursor protein metabolic process","2/10","98/18842",0.0204081632653061,38.4530612244898,8.56589945886766,0.00117266197659754,0.00415464575828871,0.000789368125200062,"7124/836",2
"BP","GO:0046822","regulation of nucleocytoplasmic transport","2/10","98/18842",0.0204081632653061,38.4530612244898,8.56589945886766,0.00117266197659754,0.00415464575828871,0.000789368125200062,"207/3553",2
"BP","GO:0000280","nuclear division","3/10","422/18842",0.00710900473933649,13.3947867298578,5.93409128833084,0.00119054106729928,0.0042089578203664,0.00079968722654161,"7124/3553/5728",3
"BP","GO:1901222","regulation of non-canonical NF-kappaB signal transduction","2/10","99/18842",0.0202020202020202,38.0646464646465,8.52043286314252,0.00119650163063841,0.00422099186364104,0.000801973652564653,"7124/3553",2
"BP","GO:0001938","positive regulation of endothelial cell proliferation","2/10","100/18842",0.02,37.684,8.47563937784869,0.0012205742672402,0.00428759173449697,0.000814627394485064,"207/3091",2
"BP","GO:0002709","regulation of T cell mediated immunity","2/10","100/18842",0.02,37.684,8.47563937784869,0.0012205742672402,0.00428759173449697,0.000814627394485064,"3553/3569",2
"BP","GO:0016049","cell growth","3/10","426/18842",0.00704225352112676,13.269014084507,5.90229026338154,0.00122342105219847,0.00428846742500991,0.000814793772611784,"207/7157/596",3
"BP","GO:0043410","positive regulation of MAPK cascade","3/10","428/18842",0.00700934579439252,13.2070093457944,5.88655009440873,0.00124007599297795,0.00433763869577669,0.000824136141631199,"7124/3553/3569",3
"BP","GO:0060079","excitatory postsynaptic potential","2/10","101/18842",0.0198019801980198,37.3108910891089,8.43150235130527,0.00124487968262003,0.00434523542495912,0.000825579493536816,"207/5728",2
"BP","GO:0023061","signal release","3/10","430/18842",0.00697674418604651,13.1455813953488,5.87091517438894,0.00125687490596147,0.00437784909228353,0.000831775975963845,"7124/3553/3569",3
"BP","GO:0043200","response to amino acid","2/10","102/18842",0.0196078431372549,36.9450980392157,8.3880057038662,0.00126941767311004,0.00441222858590459,0.000838307959195109,"7124/836",2
"BP","GO:0044772","mitotic cell cycle phase transition","3/10","434/18842",0.00691244239631336,13.0244239631336,5.83995626036939,0.0012909066598181,0.00447749347764638,0.000850708059765132,"207/7157/5728",3
"BP","GO:0002824","positive regulation of adaptive immune response based on somatic recombination of immune receptors built from immunoglobulin superfamily domains","2/10","103/18842",0.0194174757281553,36.5864077669903,8.34513390288575,0.00129418803515745,0.00447946424747368,0.000851082499121525,"3553/3569",2
"BP","GO:0045446","endothelial cell differentiation","2/10","104/18842",0.0192307692307692,36.2346153846154,8.30287193901032,0.00131919056532444,0.0045469386708782,0.000863902402959421,"7124/3553",2
"BP","GO:0071482","cellular response to light stimulus","2/10","104/18842",0.0192307692307692,36.2346153846154,8.30287193901032,0.00131919056532444,0.0045469386708782,0.000863902402959421,"7157/4318",2
"BP","GO:1903131","mononuclear cell differentiation","3/10","439/18842",0.00683371298405467,12.8760820045558,5.80182849700902,0.00133426512808541,0.00458931609681043,0.000871953965283885,"4318/3553/3569",3
"BP","GO:0015711","organic anion transport","3/10","440/18842",0.00681818181818182,12.8468181818182,5.79427762898207,0.00134304661476026,0.0046050742210285,0.000874947953627143,"207/7124/3553",3
"BP","GO:0001960","negative regulation of cytokine-mediated signaling pathway","2/10","105/18842",0.019047619047619,35.8895238095238,8.2612053037147,0.00134442506028815,0.0046050742210285,0.000874947953627143,"3553/3569",2
"BP","GO:0050864","regulation of B cell activation","2/10","107/18842",0.0186915887850467,35.218691588785,8.17960236222415,0.00139558913188864,0.00477042993115557,0.000906364958707233,"596/3569",2
"BP","GO:0002708","positive regulation of lymphocyte mediated immunity","2/10","108/18842",0.0185185185185185,34.8925925925926,8.13963935687361,0.00142151830245392,0.00483902415948746,0.000919397621554569,"3553/3569",2
"BP","GO:0019217","regulation of fatty acid metabolic process","2/10","108/18842",0.0185185185185185,34.8925925925926,8.13963935687361,0.00142151830245392,0.00483902415948746,0.000919397621554569,"207/3553",2
"BP","GO:0015908","fatty acid transport","2/10","109/18842",0.018348623853211,34.5724770642202,8.10021824442313,0.00144767862567283,0.00487779063466497,0.000926763115897963,"207/3553",2
"BP","GO:0030218","erythrocyte differentiation","2/10","109/18842",0.018348623853211,34.5724770642202,8.10021824442313,0.00144767862567283,0.00487779063466497,0.000926763115897963,"836/3091",2
"BP","GO:0034341","response to type II interferon","2/10","109/18842",0.018348623853211,34.5724770642202,8.10021824442313,0.00144767862567283,0.00487779063466497,0.000926763115897963,"7157/7124",2
"BP","GO:0042552","myelination","2/10","109/18842",0.018348623853211,34.5724770642202,8.10021824442313,0.00144767862567283,0.00487779063466497,0.000926763115897963,"7124/5728",2
"BP","GO:2001235","positive regulation of apoptotic signaling pathway","2/10","109/18842",0.018348623853211,34.5724770642202,8.10021824442313,0.00144767862567283,0.00487779063466497,0.000926763115897963,"7157/7124",2
"BP","GO:0002821","positive regulation of adaptive immune response","2/10","110/18842",0.0181818181818182,34.2581818181818,8.06132672201786,0.00147406989879645,0.00492649676703023,0.000936017110252164,"3553/3569",2
"BP","GO:0019079","viral genome replication","2/10","110/18842",0.0181818181818182,34.2581818181818,8.06132672201786,0.00147406989879645,0.00492649676703023,0.000936017110252164,"7124/596",2
"BP","GO:0060761","negative regulation of response to cytokine stimulus","2/10","110/18842",0.0181818181818182,34.2581818181818,8.06132672201786,0.00147406989879645,0.00492649676703023,0.000936017110252164,"3553/3569",2
"BP","GO:1903900","regulation of viral life cycle","2/10","110/18842",0.0181818181818182,34.2581818181818,8.06132672201786,0.00147406989879645,0.00492649676703023,0.000936017110252164,"7124/596",2
"BP","GO:1903829","positive regulation of protein localization","3/10","457/18842",0.00656455142231947,12.3689277899344,5.66956244520666,0.00149800368842482,0.00497518545900303,0.000945267790992957,"207/7124/3553",3
"BP","GO:0007272","ensheathment of neurons","2/10","111/18842",0.018018018018018,33.9495495495496,8.02295287504933,0.0015006919191905,0.00497518545900303,0.000945267790992957,"7124/5728",2
"BP","GO:0008366","axon ensheathment","2/10","111/18842",0.018018018018018,33.9495495495496,8.02295287504933,0.0015006919191905,0.00497518545900303,0.000945267790992957,"7124/5728",2
"BP","GO:1901796","regulation of signal transduction by p53 class mediator","2/10","111/18842",0.018018018018018,33.9495495495496,8.02295287504933,0.0015006919191905,0.00497518545900303,0.000945267790992957,"207/596",2
"BP","GO:1901987","regulation of cell cycle phase transition","3/10","459/18842",0.0065359477124183,12.3150326797386,5.65532689879557,0.00151694601632196,0.00501899373336185,0.000953591209500992,"207/7157/5728",3
"BP","GO:0034101","erythrocyte homeostasis","2/10","112/18842",0.0178571428571429,33.6464285714286,7.98508516153369,0.0015275444843353,0.00503388411903707,0.000956420330563963,"836/3091",2
"BP","GO:0050830","defense response to Gram-positive bacterium","2/10","112/18842",0.0178571428571429,33.6464285714286,7.98508516153369,0.0015275444843353,0.00503388411903707,0.000956420330563963,"3553/3569",2
"BP","GO:0099565","chemical synaptic transmission, postsynaptic","2/10","113/18842",0.0176991150442478,33.3486725663717,7.94771239725163,0.00155462739182571,0.00511292793606423,0.000971438378620383,"207/5728",2
"BP","GO:1903076","regulation of protein localization to plasma membrane","2/10","114/18842",0.0175438596491228,33.0561403508772,7.91082374160643,0.00158194043937108,0.00519241285368123,0.00098654023424209,"207/7124",2
"BP","GO:0001101","response to acid chemical","2/10","115/18842",0.0173913043478261,32.7686956521739,7.87440868415953,0.00160948342479523,0.00527233558400182,0.00100172527274222,"7124/836",2
"BP","GO:0048285","organelle fission","3/10","470/18842",0.00638297872340425,12.0268085106383,5.57858809129378,0.00162385171770341,0.00530886967510562,0.0010086666219398,"7124/3553/5728",3
"BP","GO:0062014","negative regulation of small molecule metabolic process","2/10","117/18842",0.0170940170940171,32.208547008547,7.80295889655097,0.00166525840114694,0.00543348146303083,0.00103234242467607,"207/7157",2
"BP","GO:0008286","insulin receptor signaling pathway","2/10","119/18842",0.0168067226890756,31.6672268907563,7.73328508156268,0.00172195070575832,0.00560737793926428,0.00106538214536693,"207/3553",2
"BP","GO:0007088","regulation of mitotic nuclear division","2/10","120/18842",0.0166666666666667,31.4033333333333,7.69909104921431,0.00175064035193548,0.00568958114379031,0.00108100046596928,"7124/3553",2
"BP","GO:0050804","modulation of chemical synaptic transmission","3/10","486/18842",0.00617283950617284,11.6308641975309,5.47143737210416,0.00178770081507158,0.00579861305635203,0.00110171614701961,"7124/3553/5728",3
"BP","GO:0099177","regulation of trans-synaptic signaling","3/10","488/18842",0.00614754098360656,11.5831967213115,5.45839761177997,0.00180888799851577,0.0058558315402932,0.00111258745832342,"7124/3553/5728",3
"BP","GO:0034329","cell junction assembly","3/10","490/18842",0.00612244897959184,11.5359183673469,5.44543387655105,0.00183023362964562,0.00591333800889417,0.00112351348570274,"7124/3553/5728",3
"BP","GO:0033209","tumor necrosis factor-mediated signaling pathway","2/10","123/18842",0.016260162601626,30.6373983739837,7.59897583447605,0.00183808084840831,0.00592709273578538,0.0011261268355791,"7157/7124",2
"BP","GO:0002456","T cell mediated immunity","2/10","124/18842",0.0161290322580645,30.3903225806452,7.56639876786561,0.00186768419567166,0.0059874691399105,0.00113759814064416,"3553/3569",2
"BP","GO:0021543","pallium development","2/10","124/18842",0.0161290322580645,30.3903225806452,7.56639876786561,0.00186768419567166,0.0059874691399105,0.00113759814064416,"836/5728",2
"BP","GO:0031644","regulation of nervous system process","2/10","124/18842",0.0161290322580645,30.3903225806452,7.56639876786561,0.00186768419567166,0.0059874691399105,0.00113759814064416,"7124/5728",2
"BP","GO:0141188","nucleic acid catabolic process","3/10","495/18842",0.00606060606060606,11.4193939393939,5.41335214385096,0.00188429393626008,0.00602901024954535,0.00114549080580478,"207/836/3569",3
"BP","GO:0003158","endothelium development","2/10","125/18842",0.016,30.1472,7.53420580661988,0.00189751546533551,0.0060595706639631,0.00115129717737958,"7124/3553",2
"BP","GO:0007173","epidermal growth factor receptor signaling pathway","2/10","126/18842",0.0158730158730159,29.9079365079365,7.50238934348299,0.00192757445647933,0.0061436784317517,0.00116727735832319,"207/4318",2
"BP","GO:0002705","positive regulation of leukocyte mediated immunity","2/10","130/18842",0.0153846153846154,28.9876923076923,7.37874351415281,0.00205008362142767,0.00650901549803286,0.0012366901198086,"3553/3569",2
"BP","GO:0045471","response to ethanol","2/10","130/18842",0.0153846153846154,28.9876923076923,7.37874351415281,0.00205008362142767,0.00650901549803286,0.0012366901198086,"7124/836",2
"BP","GO:0038061","non-canonical NF-kappaB signal transduction","2/10","131/18842",0.0152671755725191,28.7664122137405,7.3487025209591,0.00208127821014667,0.00659537490393887,0.00125309810409881,"7124/3553",2
"BP","GO:0010595","positive regulation of endothelial cell migration","2/10","133/18842",0.0150375939849624,28.3338345864662,7.28961928379291,0.00214434674249833,0.00676924755614674,0.00128613329830835,"207/3091",2
"BP","GO:0048771","tissue remodeling","2/10","133/18842",0.0150375939849624,28.3338345864662,7.28961928379291,0.00214434674249833,0.00676924755614674,0.00128613329830835,"3091/3569",2
"BP","GO:0033157","regulation of intracellular protein transport","2/10","134/18842",0.0149253731343284,28.1223880597015,7.26056463648374,0.0021762202859954,0.00685675513774505,0.00130275943195386,"207/3553",2
"BP","GO:0051783","regulation of nuclear division","2/10","135/18842",0.0148148148148148,27.9140740740741,7.23182663590208,0.00220831974780538,0.00693143707913818,0.00131694873893537,"7124/3553",2
"BP","GO:0061041","regulation of wound healing","2/10","135/18842",0.0148148148148148,27.9140740740741,7.23182663590208,0.00220831974780538,0.00693143707913818,0.00131694873893537,"7124/5728",2
"BP","GO:0050792","regulation of viral process","2/10","136/18842",0.0147058823529412,27.7088235294118,7.20339947454071,0.00224064492814411,0.00701955365534331,0.00133369057942064,"7124/596",2
"BP","GO:0034614","cellular response to reactive oxygen species","2/10","138/18842",0.0144927536231884,27.3072463768116,7.14745517647205,0.00230597164583799,0.00719689827462859,0.00136738543519992,"207/3569",2
"BP","GO:0071675","regulation of mononuclear cell migration","2/10","138/18842",0.0144927536231884,27.3072463768116,7.14745517647205,0.00230597164583799,0.00719689827462859,0.00136738543519992,"207/7124",2
"BP","GO:0002687","positive regulation of leukocyte migration","2/10","139/18842",0.0143884892086331,27.1107913669065,7.11992714743757,0.00233897278419149,0.00727239937231666,0.00138173037900498,"7124/3569",2
"BP","GO:0046328","regulation of JNK cascade","2/10","139/18842",0.0143884892086331,27.1107913669065,7.11992714743757,0.00233897278419149,0.00727239937231666,0.00138173037900498,"7124/3553",2
"BP","GO:0007565","female pregnancy","2/10","140/18842",0.0142857142857143,26.9171428571429,7.09268816385109,0.00237219884307032,0.00736184265020508,0.00139872428815781,"596/3553",2
"BP","GO:0010565","regulation of ketone metabolic process","2/10","141/18842",0.0141843971631206,26.7262411347518,7.06573311352153,0.00240564962325669,0.00742378977195662,0.00141049402406393,"207/3553",2
"BP","GO:0032368","regulation of lipid transport","2/10","141/18842",0.0141843971631206,26.7262411347518,7.06573311352153,0.00240564962325669,0.00742378977195662,0.00141049402406393,"207/3553",2
"BP","GO:0060078","regulation of postsynaptic membrane potential","2/10","141/18842",0.0141843971631206,26.7262411347518,7.06573311352153,0.00240564962325669,0.00742378977195662,0.00141049402406393,"207/5728",2
"BP","GO:0007043","cell-cell junction assembly","2/10","142/18842",0.0140845070422535,26.5380281690141,7.03905701025098,0.00243932492564593,0.00751366688851013,0.0014275703610418,"7124/3553",2
"BP","GO:0032388","positive regulation of intracellular transport","2/10","143/18842",0.013986013986014,26.3524475524476,7.01265498986693,0.00247322455124644,0.00760389894619716,0.00144471413559039,"207/3553",2
"BP","GO:0031099","regeneration","2/10","145/18842",0.0137931034482759,25.9889655172414,6.96065432844469,0.00254169597668,0.0077998885827113,0.00148195147926167,"7124/3569",2
"BP","GO:0007259","cell surface receptor signaling pathway via JAK-STAT","2/10","146/18842",0.0136986301369863,25.8109589041096,6.93504653556299,0.00257626737909481,0.00787669896830654,0.00149654518317788,"7124/3569",2
"BP","GO:0038127","ERBB signaling pathway","2/10","146/18842",0.0136986301369863,25.8109589041096,6.93504653556299,0.00257626737909481,0.00787669896830654,0.00149654518317788,"207/4318",2
"BP","GO:1905039","carboxylic acid transmembrane transport","2/10","147/18842",0.0136054421768707,25.6353741496599,6.90969451494787,0.00261106230988431,0.00796832508986875,0.00151395382497427,"207/7124",2
"BP","GO:0042129","regulation of T cell proliferation","2/10","148/18842",0.0135135135135135,25.4621621621622,6.88459395811751,0.00264608057062157,0.0080602933987015,0.00153142748115212,"3553/3569",2
"BP","GO:0071456","cellular response to hypoxia","2/10","152/18842",0.0131578947368421,24.7921052631579,6.78662367725361,0.00278838294845586,0.00847812200350022,0.00161081345088659,"7157/3091",2
"BP","GO:0030307","positive regulation of cell growth","2/10","154/18842",0.012987012987013,24.4701298701299,6.73904245660779,0.00286086896624426,0.0086507228265005,0.00164360700200653,"207/596",2
"BP","GO:0046496","nicotinamide nucleotide metabolic process","2/10","154/18842",0.012987012987013,24.4701298701299,6.73904245660779,0.00286086896624426,0.0086507228265005,0.00164360700200653,"7157/3091",2
"BP","GO:1904375","regulation of protein localization to cell periphery","2/10","154/18842",0.012987012987013,24.4701298701299,6.73904245660779,0.00286086896624426,0.0086507228265005,0.00164360700200653,"207/7124",2
"BP","GO:0044703","multi-organism reproductive process","2/10","155/18842",0.0129032258064516,24.3122580645161,6.7155896386764,0.00289744499012938,0.0087453047142662,0.00166157722901675,"596/3553",2
"BP","GO:0010563","negative regulation of phosphorus metabolic process","2/10","157/18842",0.0127388535031847,24.0025477707006,6.66934169419238,0.00297126208025133,0.00890300126042639,0.00169153901980112,"7157/5728",2
"BP","GO:0045936","negative regulation of phosphate metabolic process","2/10","157/18842",0.0127388535031847,24.0025477707006,6.66934169419238,0.00297126208025133,0.00890300126042639,0.00169153901980112,"7157/5728",2
"BP","GO:0051048","negative regulation of secretion","2/10","157/18842",0.0127388535031847,24.0025477707006,6.66934169419238,0.00297126208025133,0.00890300126042639,0.00169153901980112,"7124/3553",2
"BP","GO:0071897","DNA biosynthetic process","2/10","157/18842",0.0127388535031847,24.0025477707006,6.66934169419238,0.00297126208025133,0.00890300126042639,0.00169153901980112,"7157/7124",2
"BP","GO:0036294","cellular response to decreased oxygen levels","2/10","159/18842",0.0125786163522013,23.7006289308176,6.62394773346928,0.00304596457797979,0.00909382914691616,0.0017277956490682,"7157/3091",2
"BP","GO:0044706","multi-multicellular organism process","2/10","159/18842",0.0125786163522013,23.7006289308176,6.62394773346928,0.00304596457797979,0.00909382914691616,0.0017277956490682,"596/3553",2
"BP","GO:2000058","regulation of ubiquitin-dependent protein catabolic process","2/10","161/18842",0.0124223602484472,23.4062111801242,6.57938127893826,0.00312155090625195,0.00930267246610463,0.00176747514737427,"207/5728",2
"BP","GO:0042098","T cell proliferation","2/10","162/18842",0.0123456790123457,23.2617283950617,6.55740040521649,0.00315967501450071,0.00939932152962282,0.00178583813052861,"3553/3569",2
"BP","GO:0031345","negative regulation of cell projection organization","2/10","163/18842",0.0122699386503067,23.119018404908,6.53561699125123,0.00319801948980022,0.00949627729794993,0.00180425938652114,"207/5728",2
"BP","GO:0016052","carbohydrate catabolic process","2/10","165/18842",0.0121212121212121,22.8387878787879,6.49263060707789,0.00327536875515075,0.00969110002644065,0.0018412750217599,"7157/3091",2
"BP","GO:1903034","regulation of response to wounding","2/10","165/18842",0.0121212121212121,22.8387878787879,6.49263060707789,0.00327536875515075,0.00969110002644065,0.0018412750217599,"7124/5728",2
"BP","GO:0030258","lipid modification","2/10","166/18842",0.0120481927710843,22.7012048192771,6.4714218263656,0.00331437315228136,0.00977148227574378,0.00185654736725535,"207/5728",2
"BP","GO:0072524","pyridine-containing compound metabolic process","2/10","166/18842",0.0120481927710843,22.7012048192771,6.4714218263656,0.00331437315228136,0.00977148227574378,0.00185654736725535,"7157/3091",2
"BP","GO:0002706","regulation of lymphocyte mediated immunity","2/10","169/18842",0.0118343195266272,22.298224852071,6.40889953125216,0.00343270304632241,0.0101023043306208,0.00191940239760592,"3553/3569",2
"BP","GO:1905475","regulation of protein localization to membrane","2/10","171/18842",0.0116959064327485,22.0374269005848,6.368111188822,0.00351268493415047,0.0103192932852,0.00196062953807237,"207/7124",2
"BP","GO:0097696","cell surface receptor signaling pathway via STAT","2/10","172/18842",0.0116279069767442,21.9093023255814,6.34797720537489,0.00355300387806926,0.0104191996495423,0.00197961139696109,"7124/3569",2
"BP","GO:0007254","JNK cascade","2/10","173/18842",0.0115606936416185,21.7826589595376,6.32801334997676,0.00359354122779155,0.0105007726851042,0.00199510998767002,"7124/3553",2
"BP","GO:0071453","cellular response to oxygen levels","2/10","173/18842",0.0115606936416185,21.7826589595376,6.32801334997676,0.00359354122779155,0.0105007726851042,0.00199510998767002,"7157/3091",2
"BP","GO:0002822","regulation of adaptive immune response based on somatic recombination of immune receptors built from immunoglobulin superfamily domains","2/10","178/18842",0.0112359550561798,21.1707865168539,6.23066244294634,0.00379949722449924,0.0110829857202266,0.00210572842272787,"3553/3569",2
"BP","GO:0007611","learning or memory","2/10","179/18842",0.0111731843575419,21.0525139664804,6.21166987937949,0.00384134090722902,0.0111459645656153,0.00211769418250716,"836/5728",2
"BP","GO:0009746","response to hexose","2/10","179/18842",0.0111731843575419,21.0525139664804,6.21166987937949,0.00384134090722902,0.0111459645656153,0.00211769418250716,"7124/836",2
"BP","GO:0071466","cellular response to xenobiotic stimulus","2/10","179/18842",0.0111731843575419,21.0525139664804,6.21166987937949,0.00384134090722902,0.0111459645656153,0.00211769418250716,"7157/3553",2
"BP","GO:0021537","telencephalon development","2/10","180/18842",0.0111111111111111,20.9355555555556,6.19283137788652,0.0038834016295309,0.0112482387550097,0.00213712591985265,"836/5728",2
"BP","GO:0045766","positive regulation of angiogenesis","2/10","185/18842",0.0108108108108108,20.3697297297297,6.10087703044062,0.00409695402294275,0.0118460089174754,0.00225070015455238,"3553/3091",2
"BP","GO:0034284","response to monosaccharide","2/10","186/18842",0.010752688172043,20.2602150537634,6.0829197868073,0.00414031289722533,0.0119504485897186,0.00227054332604555,"7124/836",2
"BP","GO:0045216","cell-cell junction organization","2/10","187/18842",0.0106951871657754,20.151871657754,6.06510259117793,0.00418388745029939,0.0120551451665695,0.00229043530851331,"7124/3553",2
"BP","GO:0016241","regulation of macroautophagy","2/10","188/18842",0.0106382978723404,20.0446808510638,6.04742358924592,0.00422767748821166,0.0121389487531086,0.00230635769608618,"207/836",2
"BP","GO:0031334","positive regulation of protein-containing complex assembly","2/10","188/18842",0.0106382978723404,20.0446808510638,6.04742358924592,0.00422767748821166,0.0121389487531086,0.00230635769608618,"7157/7124",2
"BP","GO:0045637","regulation of myeloid cell differentiation","2/10","189/18842",0.0105820105820106,19.9386243386243,6.02988096100397,0.00427168281711977,0.0121805670657422,0.00231426502954585,"7124/3091",2
"BP","GO:0045926","negative regulation of growth","2/10","189/18842",0.0105820105820106,19.9386243386243,6.02988096100397,0.00427168281711977,0.0121805670657422,0.00231426502954585,"7157/5728",2
"BP","GO:0070374","positive regulation of ERK1 and ERK2 cascade","2/10","189/18842",0.0105820105820106,19.9386243386243,6.02988096100397,0.00427168281711977,0.0121805670657422,0.00231426502954585,"7124/3553",2
"BP","GO:1904018","positive regulation of vasculature development","2/10","189/18842",0.0105820105820106,19.9386243386243,6.02988096100397,0.00427168281711977,0.0121805670657422,0.00231426502954585,"3553/3091",2
"BP","GO:0002819","regulation of adaptive immune response","2/10","190/18842",0.0105263157894737,19.8336842105263,6.01247291993176,0.00431590324329215,0.0122642964796477,0.00233017332457842,"3553/3569",2
"BP","GO:1901991","negative regulation of mitotic cell cycle phase transition","2/10","190/18842",0.0105263157894737,19.8336842105263,6.01247291993176,0.00431590324329215,0.0122642964796477,0.00233017332457842,"7157/5728",2
"BP","GO:0002753","cytoplasmic pattern recognition receptor signaling pathway","2/10","191/18842",0.0104712041884817,19.7298429319372,5.99519771220703,0.00436033857310796,0.0123692766051568,0.00235011918029693,"207/7124",2
"BP","GO:0001659","temperature homeostasis","2/10","194/18842",0.0103092783505155,19.4247422680412,5.9441520254263,0.00449493204986836,0.0127292158050303,0.0024185063660933,"7124/3553",2
"BP","GO:0009612","response to mechanical stimulus","2/10","196/18842",0.0102040816326531,19.2265306122449,5.9107549841381,0.00458573200785745,0.0129641156591997,0.00246313651467469,"7124/3553",2
"BP","GO:0031400","negative regulation of protein modification process","2/10","197/18842",0.0101522842639594,19.1289340101523,5.89424168346259,0.00463145269969339,0.0130486832887266,0.002479204067736,"207/5728",2
"BP","GO:0032869","cellular response to insulin stimulus","2/10","197/18842",0.0101522842639594,19.1289340101523,5.89424168346259,0.00463145269969339,0.0130486832887266,0.002479204067736,"207/3553",2
"BP","GO:1903828","negative regulation of protein localization","2/10","198/18842",0.0101010101010101,19.0323232323232,5.87784979321919,0.00467738694292434,0.0131556487951756,0.00249952713887107,"207/3553",2
"BP","GO:0071356","cellular response to tumor necrosis factor","2/10","202/18842",0.0099009900990099,18.6554455445545,5.81346636941067,0.00486325557672373,0.0136551614917872,0.00259443279961273,"7157/7124",2
"BP","GO:0009743","response to carbohydrate","2/10","205/18842",0.00975609756097561,18.3824390243902,5.76638180435245,0.00500488990863441,0.0140289868236934,0.00266545830180154,"7124/836",2
"BP","GO:0045927","positive regulation of growth","2/10","208/18842",0.00961538461538462,18.1173076923077,5.72028716392489,0.00514843235451431,0.014406884436107,0.00273725752300672,"207/596",2
"BP","GO:0099504","synaptic vesicle cycle","2/10","210/18842",0.00952380952380952,17.9447619047619,5.69008995803577,0.00524518482478083,0.014428259948787,0.00274131879545955,"836/5728",2
"BP","GO:0021542","dentate gyrus development","1/10","10/18842",0.1,188.42,13.6606530959231,0.00529589674679887,0.014428259948787,0.00274131879545955,"5728",1
"BP","GO:0032025","response to cobalt ion","1/10","10/18842",0.1,188.42,13.6606530959231,0.00529589674679887,0.014428259948787,0.00274131879545955,"836",1
"BP","GO:0032364","intracellular oxygen homeostasis","1/10","10/18842",0.1,188.42,13.6606530959231,0.00529589674679887,0.014428259948787,0.00274131879545955,"3091",1
"BP","GO:0035425","autocrine signaling","1/10","10/18842",0.1,188.42,13.6606530959231,0.00529589674679887,0.014428259948787,0.00274131879545955,"3569",1
"BP","GO:0035634","response to stilbenoid","1/10","10/18842",0.1,188.42,13.6606530959231,0.00529589674679887,0.014428259948787,0.00274131879545955,"7124",1
"BP","GO:0035655","interleukin-18-mediated signaling pathway","1/10","10/18842",0.1,188.42,13.6606530959231,0.00529589674679887,0.014428259948787,0.00274131879545955,"207",1
"BP","GO:0050966","detection of mechanical stimulus involved in sensory perception of pain","1/10","10/18842",0.1,188.42,13.6606530959231,0.00529589674679887,0.014428259948787,0.00274131879545955,"7124",1
"BP","GO:0051798","positive regulation of hair follicle development","1/10","10/18842",0.1,188.42,13.6606530959231,0.00529589674679887,0.014428259948787,0.00274131879545955,"7124",1
"BP","GO:0071351","cellular response to interleukin-18","1/10","10/18842",0.1,188.42,13.6606530959231,0.00529589674679887,0.014428259948787,0.00274131879545955,"207",1
"BP","GO:0071362","cellular response to ether","1/10","10/18842",0.1,188.42,13.6606530959231,0.00529589674679887,0.014428259948787,0.00274131879545955,"207",1
"BP","GO:0090306","meiotic spindle assembly","1/10","10/18842",0.1,188.42,13.6606530959231,0.00529589674679887,0.014428259948787,0.00274131879545955,"5728",1
"BP","GO:0090324","negative regulation of oxidative phosphorylation","1/10","10/18842",0.1,188.42,13.6606530959231,0.00529589674679887,0.014428259948787,0.00274131879545955,"7124",1
"BP","GO:1903596","regulation of gap junction assembly","1/10","10/18842",0.1,188.42,13.6606530959231,0.00529589674679887,0.014428259948787,0.00274131879545955,"3553",1
"BP","GO:2000345","regulation of hepatocyte proliferation","1/10","10/18842",0.1,188.42,13.6606530959231,0.00529589674679887,0.014428259948787,0.00274131879545955,"7124",1
"BP","GO:2000674","regulation of type B pancreatic cell apoptotic process","1/10","10/18842",0.1,188.42,13.6606530959231,0.00529589674679887,0.014428259948787,0.00274131879545955,"3569",1
"BP","GO:1903320","regulation of protein modification by small protein conjugation or removal","2/10","214/18842",0.00934579439252336,17.6093457943925,5.6309289945127,0.00544122088859265,0.0147997622521688,0.00281190293037477,"207/3091",2
"BP","GO:0042180","ketone metabolic process","2/10","216/18842",0.00925925925925926,17.4462962962963,5.60194626335027,0.00554050142387587,0.0150450129125314,0.00285849969583624,"207/3553",2
"BP","GO:0002703","regulation of leukocyte mediated immunity","2/10","219/18842",0.0091324200913242,17.2073059360731,5.55919384649421,0.00569099606212253,0.0153114360759254,0.0029091191626292,"3553/3569",2
"BP","GO:1901873","regulation of post-translational protein modification","2/10","219/18842",0.0091324200913242,17.2073059360731,5.55919384649421,0.00569099606212253,0.0153114360759254,0.0029091191626292,"207/3091",2
"BP","GO:0030213","hyaluronan biosynthetic process","1/10","11/18842",0.0909090909090909,171.290909090909,13.0183177296884,0.00582409561216302,0.0153114360759254,0.0029091191626292,"3553",1
"BP","GO:0032310","prostaglandin secretion","1/10","11/18842",0.0909090909090909,171.290909090909,13.0183177296884,0.00582409561216302,0.0153114360759254,0.0029091191626292,"3553",1
"BP","GO:0032782","bile acid secretion","1/10","11/18842",0.0909090909090909,171.290909090909,13.0183177296884,0.00582409561216302,0.0153114360759254,0.0029091191626292,"7124",1
"BP","GO:0033079","immature T cell proliferation","1/10","11/18842",0.0909090909090909,171.290909090909,13.0183177296884,0.00582409561216302,0.0153114360759254,0.0029091191626292,"3553",1
"BP","GO:0036481","intrinsic apoptotic signaling pathway in response to hydrogen peroxide","1/10","11/18842",0.0909090909090909,171.290909090909,13.0183177296884,0.00582409561216302,0.0153114360759254,0.0029091191626292,"207",1
"BP","GO:0042368","vitamin D biosynthetic process","1/10","11/18842",0.0909090909090909,171.290909090909,13.0183177296884,0.00582409561216302,0.0153114360759254,0.0029091191626292,"7124",1
"BP","GO:0046322","negative regulation of fatty acid oxidation","1/10","11/18842",0.0909090909090909,171.290909090909,13.0183177296884,0.00582409561216302,0.0153114360759254,0.0029091191626292,"207",1
"BP","GO:0046886","positive regulation of hormone biosynthetic process","1/10","11/18842",0.0909090909090909,171.290909090909,13.0183177296884,0.00582409561216302,0.0153114360759254,0.0029091191626292,"3091",1
"BP","GO:0062100","positive regulation of programmed necrotic cell death","1/10","11/18842",0.0909090909090909,171.290909090909,13.0183177296884,0.00582409561216302,0.0153114360759254,0.0029091191626292,"7157",1
"BP","GO:0070234","positive regulation of T cell apoptotic process","1/10","11/18842",0.0909090909090909,171.290909090909,13.0183177296884,0.00582409561216302,0.0153114360759254,0.0029091191626292,"7157",1
"BP","GO:0071492","cellular response to UV-A","1/10","11/18842",0.0909090909090909,171.290909090909,13.0183177296884,0.00582409561216302,0.0153114360759254,0.0029091191626292,"4318",1
"BP","GO:0071800","podosome assembly","1/10","11/18842",0.0909090909090909,171.290909090909,13.0183177296884,0.00582409561216302,0.0153114360759254,0.0029091191626292,"7124",1
"BP","GO:0090394","negative regulation of excitatory postsynaptic potential","1/10","11/18842",0.0909090909090909,171.290909090909,13.0183177296884,0.00582409561216302,0.0153114360759254,0.0029091191626292,"5728",1
"BP","GO:0097090","presynaptic membrane organization","1/10","11/18842",0.0909090909090909,171.290909090909,13.0183177296884,0.00582409561216302,0.0153114360759254,0.0029091191626292,"5728",1
"BP","GO:1900222","negative regulation of amyloid-beta clearance","1/10","11/18842",0.0909090909090909,171.290909090909,13.0183177296884,0.00582409561216302,0.0153114360759254,0.0029091191626292,"7124",1
"BP","GO:1901856","negative regulation of cellular respiration","1/10","11/18842",0.0909090909090909,171.290909090909,13.0183177296884,0.00582409561216302,0.0153114360759254,0.0029091191626292,"7124",1
"BP","GO:1903689","regulation of wound healing, spreading of epidermal cells","1/10","11/18842",0.0909090909090909,171.290909090909,13.0183177296884,0.00582409561216302,0.0153114360759254,0.0029091191626292,"5728",1
"BP","GO:2001280","positive regulation of unsaturated fatty acid biosynthetic process","1/10","11/18842",0.0909090909090909,171.290909090909,13.0183177296884,0.00582409561216302,0.0153114360759254,0.0029091191626292,"3553",1
"BP","GO:0043123","positive regulation of canonical NF-kappaB signal transduction","2/10","226/18842",0.00884955752212389,16.6743362831858,5.4626571821559,0.00604946812654622,0.0158534474236949,0.00301209941806311,"7124/3553",2
"BP","GO:1902115","regulation of organelle assembly","2/10","226/18842",0.00884955752212389,16.6743362831858,5.4626571821559,0.00604946812654622,0.0158534474236949,0.00301209941806311,"207/7124",2
"BP","GO:0010459","negative regulation of heart rate","1/10","12/18842",0.0833333333333333,157.016666666667,12.4577671717743,0.00635204203263295,0.0163098310977869,0.0030988107157643,"7124",1
"BP","GO:0035745","T-helper 2 cell cytokine production","1/10","12/18842",0.0833333333333333,157.016666666667,12.4577671717743,0.00635204203263295,0.0163098310977869,0.0030988107157643,"3569",1
"BP","GO:0045917","positive regulation of complement activation","1/10","12/18842",0.0833333333333333,157.016666666667,12.4577671717743,0.00635204203263295,0.0163098310977869,0.0030988107157643,"3553",1
"BP","GO:0051549","positive regulation of keratinocyte migration","1/10","12/18842",0.0833333333333333,157.016666666667,12.4577671717743,0.00635204203263295,0.0163098310977869,0.0030988107157643,"4318",1
"BP","GO:0051956","negative regulation of amino acid transport","1/10","12/18842",0.0833333333333333,157.016666666667,12.4577671717743,0.00635204203263295,0.0163098310977869,0.0030988107157643,"7124",1
"BP","GO:0070344","regulation of fat cell proliferation","1/10","12/18842",0.0833333333333333,157.016666666667,12.4577671717743,0.00635204203263295,0.0163098310977869,0.0030988107157643,"3569",1
"BP","GO:0070673","response to interleukin-18","1/10","12/18842",0.0833333333333333,157.016666666667,12.4577671717743,0.00635204203263295,0.0163098310977869,0.0030988107157643,"207",1
"BP","GO:0097050","type B pancreatic cell apoptotic process","1/10","12/18842",0.0833333333333333,157.016666666667,12.4577671717743,0.00635204203263295,0.0163098310977869,0.0030988107157643,"3569",1
"BP","GO:1901731","positive regulation of platelet aggregation","1/10","12/18842",0.0833333333333333,157.016666666667,12.4577671717743,0.00635204203263295,0.0163098310977869,0.0030988107157643,"3569",1
"BP","GO:1902563","regulation of neutrophil activation","1/10","12/18842",0.0833333333333333,157.016666666667,12.4577671717743,0.00635204203263295,0.0163098310977869,0.0030988107157643,"7124",1
"BP","GO:1903898","negative regulation of PERK-mediated unfolded protein response","1/10","12/18842",0.0833333333333333,157.016666666667,12.4577671717743,0.00635204203263295,0.0163098310977869,0.0030988107157643,"207",1
"BP","GO:1903939","regulation of TORC2 signaling","1/10","12/18842",0.0833333333333333,157.016666666667,12.4577671717743,0.00635204203263295,0.0163098310977869,0.0030988107157643,"207",1
"BP","GO:2000551","regulation of T-helper 2 cell cytokine production","1/10","12/18842",0.0833333333333333,157.016666666667,12.4577671717743,0.00635204203263295,0.0163098310977869,0.0030988107157643,"3569",1
"BP","GO:0042593","glucose homeostasis","2/10","233/18842",0.00858369098712446,16.1733905579399,5.37035297291225,0.00641813253855775,0.0164539391632901,0.00312619074287383,"3091/3569",2
"BP","GO:0099173","postsynapse organization","2/10","237/18842",0.00843881856540084,15.9004219409283,5.31938781996281,0.0066333490838112,0.0169793168021276,0.00322601065193919,"207/5728",2
"BP","GO:0042113","B cell activation","2/10","238/18842",0.00840336134453781,15.8336134453782,5.30684034920242,0.00668766851024192,0.0170803674084633,0.00324520991279421,"596/3569",2
"BP","GO:0033500","carbohydrate homeostasis","2/10","239/18842",0.00836820083682008,15.7673640167364,5.29436879243736,0.00674219367583619,0.0170803674084633,0.00324520991279421,"3091/3569",2
"BP","GO:0001780","neutrophil homeostasis","1/10","13/18842",0.0769230769230769,144.938461538462,11.9629601750983,0.00687973611546222,0.0170803674084633,0.00324520991279421,"3569",1
"BP","GO:0032305","positive regulation of icosanoid secretion","1/10","13/18842",0.0769230769230769,144.938461538462,11.9629601750983,0.00687973611546222,0.0170803674084633,0.00324520991279421,"3553",1
"BP","GO:0032621","interleukin-18 production","1/10","13/18842",0.0769230769230769,144.938461538462,11.9629601750983,0.00687973611546222,0.0170803674084633,0.00324520991279421,"7124",1
"BP","GO:0032661","regulation of interleukin-18 production","1/10","13/18842",0.0769230769230769,144.938461538462,11.9629601750983,0.00687973611546222,0.0170803674084633,0.00324520991279421,"7124",1
"BP","GO:0032780","negative regulation of ATP-dependent activity","1/10","13/18842",0.0769230769230769,144.938461538462,11.9629601750983,0.00687973611546222,0.0170803674084633,0.00324520991279421,"7157",1
"BP","GO:0042362","fat-soluble vitamin biosynthetic process","1/10","13/18842",0.0769230769230769,144.938461538462,11.9629601750983,0.00687973611546222,0.0170803674084633,0.00324520991279421,"7124",1
"BP","GO:0045475","locomotor rhythm","1/10","13/18842",0.0769230769230769,144.938461538462,11.9629601750983,0.00687973611546222,0.0170803674084633,0.00324520991279421,"5728",1
"BP","GO:0048266","behavioral response to pain","1/10","13/18842",0.0769230769230769,144.938461538462,11.9629601750983,0.00687973611546222,0.0170803674084633,0.00324520991279421,"207",1
"BP","GO:0051341","regulation of oxidoreductase activity","1/10","13/18842",0.0769230769230769,144.938461538462,11.9629601750983,0.00687973611546222,0.0170803674084633,0.00324520991279421,"3553",1
"BP","GO:0051797","regulation of hair follicle development","1/10","13/18842",0.0769230769230769,144.938461538462,11.9629601750983,0.00687973611546222,0.0170803674084633,0.00324520991279421,"7124",1
"BP","GO:0070099","regulation of chemokine-mediated signaling pathway","1/10","13/18842",0.0769230769230769,144.938461538462,11.9629601750983,0.00687973611546222,0.0170803674084633,0.00324520991279421,"3091",1
"BP","GO:0070230","positive regulation of lymphocyte apoptotic process","1/10","13/18842",0.0769230769230769,144.938461538462,11.9629601750983,0.00687973611546222,0.0170803674084633,0.00324520991279421,"7157",1
"BP","GO:0070486","leukocyte aggregation","1/10","13/18842",0.0769230769230769,144.938461538462,11.9629601750983,0.00687973611546222,0.0170803674084633,0.00324520991279421,"3553",1
"BP","GO:0071639","positive regulation of monocyte chemotactic protein-1 production","1/10","13/18842",0.0769230769230769,144.938461538462,11.9629601750983,0.00687973611546222,0.0170803674084633,0.00324520991279421,"3553",1
"BP","GO:0098712","L-glutamate import across plasma membrane","1/10","13/18842",0.0769230769230769,144.938461538462,11.9629601750983,0.00687973611546222,0.0170803674084633,0.00324520991279421,"7124",1
"BP","GO:0140052","cellular response to oxidised low-density lipoprotein particle stimulus","1/10","13/18842",0.0769230769230769,144.938461538462,11.9629601750983,0.00687973611546222,0.0170803674084633,0.00324520991279421,"207",1
"BP","GO:1903798","regulation of miRNA processing","1/10","13/18842",0.0769230769230769,144.938461538462,11.9629601750983,0.00687973611546222,0.0170803674084633,0.00324520991279421,"3569",1
"BP","GO:2000696","regulation of epithelial cell differentiation involved in kidney development","1/10","13/18842",0.0769230769230769,144.938461538462,11.9629601750983,0.00687973611546222,0.0170803674084633,0.00324520991279421,"4318",1
"BP","GO:0032868","response to insulin","2/10","242/18842",0.00826446280991736,15.5719008264463,5.25740180333424,0.00690700172562301,0.017096641452779,0.00324830192414686,"207/3553",2
"BP","GO:0099003","vesicle-mediated transport in synapse","2/10","242/18842",0.00826446280991736,15.5719008264463,5.25740180333424,0.00690700172562301,0.017096641452779,0.00324830192414686,"836/5728",2
"BP","GO:0001964","startle response","1/10","14/18842",0.0714285714285714,134.585714285714,11.5219421943747,0.00740717796786261,0.0179577838839077,0.00341191596633907,"5728",1
"BP","GO:0002544","chronic inflammatory response","1/10","14/18842",0.0714285714285714,134.585714285714,11.5219421943747,0.00740717796786261,0.0179577838839077,0.00341191596633907,"7124",1
"BP","GO:0002830","positive regulation of type 2 immune response","1/10","14/18842",0.0714285714285714,134.585714285714,11.5219421943747,0.00740717796786261,0.0179577838839077,0.00341191596633907,"3569",1
"BP","GO:0010958","regulation of amino acid import across plasma membrane","1/10","14/18842",0.0714285714285714,134.585714285714,11.5219421943747,0.00740717796786261,0.0179577838839077,0.00341191596633907,"7124",1
"BP","GO:0031571","mitotic G1 DNA damage checkpoint signaling","1/10","14/18842",0.0714285714285714,134.585714285714,11.5219421943747,0.00740717796786261,0.0179577838839077,0.00341191596633907,"7157",1
"BP","GO:0032725","positive regulation of granulocyte macrophage colony-stimulating factor production","1/10","14/18842",0.0714285714285714,134.585714285714,11.5219421943747,0.00740717796786261,0.0179577838839077,0.00341191596633907,"3553",1
"BP","GO:0043217","myelin maintenance","1/10","14/18842",0.0714285714285714,134.585714285714,11.5219421943747,0.00740717796786261,0.0179577838839077,0.00341191596633907,"5728",1
"BP","GO:0061043","regulation of vascular wound healing","1/10","14/18842",0.0714285714285714,134.585714285714,11.5219421943747,0.00740717796786261,0.0179577838839077,0.00341191596633907,"7124",1
"BP","GO:0070314","G1 to G0 transition","1/10","14/18842",0.0714285714285714,134.585714285714,11.5219421943747,0.00740717796786261,0.0179577838839077,0.00341191596633907,"7157",1
"BP","GO:0070920","regulation of regulatory ncRNA processing","1/10","14/18842",0.0714285714285714,134.585714285714,11.5219421943747,0.00740717796786261,0.0179577838839077,0.00341191596633907,"3569",1
"BP","GO:0090091","positive regulation of extracellular matrix disassembly","1/10","14/18842",0.0714285714285714,134.585714285714,11.5219421943747,0.00740717796786261,0.0179577838839077,0.00341191596633907,"3569",1
"BP","GO:0090399","replicative senescence","1/10","14/18842",0.0714285714285714,134.585714285714,11.5219421943747,0.00740717796786261,0.0179577838839077,0.00341191596633907,"7157",1
"BP","GO:1901299","negative regulation of hydrogen peroxide-mediated programmed cell death","1/10","14/18842",0.0714285714285714,134.585714285714,11.5219421943747,0.00740717796786261,0.0179577838839077,0.00341191596633907,"207",1
"BP","GO:1903789","regulation of amino acid transmembrane transport","1/10","14/18842",0.0714285714285714,134.585714285714,11.5219421943747,0.00740717796786261,0.0179577838839077,0.00341191596633907,"7124",1
"BP","GO:0009636","response to toxic substance","2/10","256/18842",0.0078125,14.7203125,5.09324739171443,0.00770041758642162,0.0186413334826717,0.00354178799313728,"7124/596",2
"BP","GO:0030900","forebrain development","2/10","258/18842",0.00775193798449612,14.6062015503876,5.07085166511575,0.0078170125358997,0.0188958824257253,0.00359015139970426,"836/5728",2
"BP","GO:0000212","meiotic spindle organization","1/10","15/18842",0.0666666666666667,125.613333333333,11.1255972310225,0.00793436769700628,0.0189029147637883,0.0035914875192763,"5728",1
"BP","GO:0031392","regulation of prostaglandin biosynthetic process","1/10","15/18842",0.0666666666666667,125.613333333333,11.1255972310225,0.00793436769700628,0.0189029147637883,0.0035914875192763,"3553",1
"BP","GO:0032303","regulation of icosanoid secretion","1/10","15/18842",0.0666666666666667,125.613333333333,11.1255972310225,0.00793436769700628,0.0189029147637883,0.0035914875192763,"3553",1
"BP","GO:0044819","mitotic G1/S transition checkpoint signaling","1/10","15/18842",0.0666666666666667,125.613333333333,11.1255972310225,0.00793436769700628,0.0189029147637883,0.0035914875192763,"7157",1
"BP","GO:0045779","negative regulation of bone resorption","1/10","15/18842",0.0666666666666667,125.613333333333,11.1255972310225,0.00793436769700628,0.0189029147637883,0.0035914875192763,"3569",1
"BP","GO:0046325","negative regulation of D-glucose import across plasma membrane","1/10","15/18842",0.0666666666666667,125.613333333333,11.1255972310225,0.00793436769700628,0.0189029147637883,0.0035914875192763,"7124",1
"BP","GO:0098693","regulation of synaptic vesicle cycle","1/10","15/18842",0.0666666666666667,125.613333333333,11.1255972310225,0.00793436769700628,0.0189029147637883,0.0035914875192763,"836",1
"BP","GO:1902166","negative regulation of intrinsic apoptotic signaling pathway in response to DNA damage by p53 class mediator","1/10","15/18842",0.0666666666666667,125.613333333333,11.1255972310225,0.00793436769700628,0.0189029147637883,0.0035914875192763,"596",1
"BP","GO:1904037","positive regulation of epithelial cell apoptotic process","1/10","15/18842",0.0666666666666667,125.613333333333,11.1255972310225,0.00793436769700628,0.0189029147637883,0.0035914875192763,"3569",1
"BP","GO:0032386","regulation of intracellular transport","2/10","260/18842",0.00769230769230769,14.4938461538462,5.0487045031891,0.00793441546414615,0.0189029147637883,0.0035914875192763,"207/3553",2
"BP","GO:0030217","T cell differentiation","2/10","265/18842",0.00754716981132075,14.2203773584906,4.99439342462366,0.00823144792903426,0.0195823062403971,0.00372056951744609,"3553/3569",2
"BP","GO:0002827","positive regulation of T-helper 1 type immune response","1/10","16/18842",0.0625,117.7625,10.7668360824768,0.00846130541002676,0.0196190842700702,0.00372755721411643,"3553",1
"BP","GO:0019896","axonal transport of mitochondrion","1/10","16/18842",0.0625,117.7625,10.7668360824768,0.00846130541002676,0.0196190842700702,0.00372755721411643,"3091",1
"BP","GO:0031645","negative regulation of nervous system process","1/10","16/18842",0.0625,117.7625,10.7668360824768,0.00846130541002676,0.0196190842700702,0.00372755721411643,"7124",1
"BP","GO:0032352","positive regulation of hormone metabolic process","1/10","16/18842",0.0625,117.7625,10.7668360824768,0.00846130541002676,0.0196190842700702,0.00372755721411643,"3091",1
"BP","GO:0032604","granulocyte macrophage colony-stimulating factor production","1/10","16/18842",0.0625,117.7625,10.7668360824768,0.00846130541002676,0.0196190842700702,0.00372755721411643,"3553",1
"BP","GO:0032645","regulation of granulocyte macrophage colony-stimulating factor production","1/10","16/18842",0.0625,117.7625,10.7668360824768,0.00846130541002676,0.0196190842700702,0.00372755721411643,"3553",1
"BP","GO:0045725","positive regulation of glycogen biosynthetic process","1/10","16/18842",0.0625,117.7625,10.7668360824768,0.00846130541002676,0.0196190842700702,0.00372755721411643,"207",1
"BP","GO:0060149","negative regulation of post-transcriptional gene silencing","1/10","16/18842",0.0625,117.7625,10.7668360824768,0.00846130541002676,0.0196190842700702,0.00372755721411643,"3569",1
"BP","GO:0060425","lung morphogenesis","1/10","16/18842",0.0625,117.7625,10.7668360824768,0.00846130541002676,0.0196190842700702,0.00372755721411643,"7124",1
"BP","GO:0060965","negative regulation of miRNA-mediated gene silencing","1/10","16/18842",0.0625,117.7625,10.7668360824768,0.00846130541002676,0.0196190842700702,0.00372755721411643,"3569",1
"BP","GO:0097091","synaptic vesicle clustering","1/10","16/18842",0.0625,117.7625,10.7668360824768,0.00846130541002676,0.0196190842700702,0.00372755721411643,"5728",1
"BP","GO:0160049","negative regulation of cGAS/STING signaling pathway","1/10","16/18842",0.0625,117.7625,10.7668360824768,0.00846130541002676,0.0196190842700702,0.00372755721411643,"207",1
"BP","GO:1900369","negative regulation of post-transcriptional gene silencing by regulatory ncRNA","1/10","16/18842",0.0625,117.7625,10.7668360824768,0.00846130541002676,0.0196190842700702,0.00372755721411643,"3569",1
"BP","GO:1902165","regulation of intrinsic apoptotic signaling pathway in response to DNA damage by p53 class mediator","1/10","16/18842",0.0625,117.7625,10.7668360824768,0.00846130541002676,0.0196190842700702,0.00372755721411643,"596",1
"BP","GO:1903897","regulation of PERK-mediated unfolded protein response","1/10","16/18842",0.0625,117.7625,10.7668360824768,0.00846130541002676,0.0196190842700702,0.00372755721411643,"207",1
"BP","GO:2000193","positive regulation of fatty acid transport","1/10","16/18842",0.0625,117.7625,10.7668360824768,0.00846130541002676,0.0196190842700702,0.00372755721411643,"3553",1
"BP","GO:2000402","negative regulation of lymphocyte migration","1/10","16/18842",0.0625,117.7625,10.7668360824768,0.00846130541002676,0.0196190842700702,0.00372755721411643,"207",1
"BP","GO:0009060","aerobic respiration","2/10","269/18842",0.00743494423791822,14.0089219330855,4.95199468808965,0.00847268751336162,0.0196190842700702,0.00372755721411643,"7124/3091",2
"BP","GO:1901988","negative regulation of cell cycle phase transition","2/10","269/18842",0.00743494423791822,14.0089219330855,4.95199468808965,0.00847268751336162,0.0196190842700702,0.00372755721411643,"7157/5728",2
"BP","GO:0072659","protein localization to plasma membrane","2/10","274/18842",0.0072992700729927,13.7532846715328,4.90025322976616,0.00877873456524382,0.0202444386007364,0.00384637234404632,"207/7124",2
"BP","GO:0002430","complement receptor mediated signaling pathway","1/10","17/18842",0.0588235294117647,110.835294117647,10.4400514181877,0.00898799121401561,0.0202444386007364,0.00384637234404632,"207",1
"BP","GO:0003323","type B pancreatic cell development","1/10","17/18842",0.0588235294117647,110.835294117647,10.4400514181877,0.00898799121401561,0.0202444386007364,0.00384637234404632,"207",1
"BP","GO:0003376","sphingosine-1-phosphate receptor signaling pathway","1/10","17/18842",0.0588235294117647,110.835294117647,10.4400514181877,0.00898799121401561,0.0202444386007364,0.00384637234404632,"207",1
"BP","GO:0007413","axonal fasciculation","1/10","17/18842",0.0588235294117647,110.835294117647,10.4400514181877,0.00898799121401561,0.0202444386007364,0.00384637234404632,"836",1
"BP","GO:0022010","central nervous system myelination","1/10","17/18842",0.0588235294117647,110.835294117647,10.4400514181877,0.00898799121401561,0.0202444386007364,0.00384637234404632,"5728",1
"BP","GO:0031069","hair follicle morphogenesis","1/10","17/18842",0.0588235294117647,110.835294117647,10.4400514181877,0.00898799121401561,0.0202444386007364,0.00384637234404632,"596",1
"BP","GO:0032291","axon ensheathment in central nervous system","1/10","17/18842",0.0588235294117647,110.835294117647,10.4400514181877,0.00898799121401561,0.0202444386007364,0.00384637234404632,"5728",1
"BP","GO:0032966","negative regulation of collagen biosynthetic process","1/10","17/18842",0.0588235294117647,110.835294117647,10.4400514181877,0.00898799121401561,0.0202444386007364,0.00384637234404632,"3569",1
"BP","GO:0036005","response to macrophage colony-stimulating factor","1/10","17/18842",0.0588235294117647,110.835294117647,10.4400514181877,0.00898799121401561,0.0202444386007364,0.00384637234404632,"7124",1
"BP","GO:0046851","negative regulation of bone remodeling","1/10","17/18842",0.0588235294117647,110.835294117647,10.4400514181877,0.00898799121401561,0.0202444386007364,0.00384637234404632,"3569",1
"BP","GO:0051900","regulation of mitochondrial depolarization","1/10","17/18842",0.0588235294117647,110.835294117647,10.4400514181877,0.00898799121401561,0.0202444386007364,0.00384637234404632,"596",1
"BP","GO:0070341","fat cell proliferation","1/10","17/18842",0.0588235294117647,110.835294117647,10.4400514181877,0.00898799121401561,0.0202444386007364,0.00384637234404632,"3569",1
"BP","GO:0072567","chemokine (C-X-C motif) ligand 2 production","1/10","17/18842",0.0588235294117647,110.835294117647,10.4400514181877,0.00898799121401561,0.0202444386007364,0.00384637234404632,"7124",1
"BP","GO:0097709","connective tissue replacement","1/10","17/18842",0.0588235294117647,110.835294117647,10.4400514181877,0.00898799121401561,0.0202444386007364,0.00384637234404632,"3091",1
"BP","GO:0106030","neuron projection fasciculation","1/10","17/18842",0.0588235294117647,110.835294117647,10.4400514181877,0.00898799121401561,0.0202444386007364,0.00384637234404632,"836",1
"BP","GO:1902065","response to L-glutamate","1/10","17/18842",0.0588235294117647,110.835294117647,10.4400514181877,0.00898799121401561,0.0202444386007364,0.00384637234404632,"7124",1
"BP","GO:2000341","regulation of chemokine (C-X-C motif) ligand 2 production","1/10","17/18842",0.0588235294117647,110.835294117647,10.4400514181877,0.00898799121401561,0.0202444386007364,0.00384637234404632,"7124",1
"BP","GO:2000434","regulation of protein neddylation","1/10","17/18842",0.0588235294117647,110.835294117647,10.4400514181877,0.00898799121401561,0.0202444386007364,0.00384637234404632,"3091",1
"BP","GO:2001279","regulation of unsaturated fatty acid biosynthetic process","1/10","17/18842",0.0588235294117647,110.835294117647,10.4400514181877,0.00898799121401561,0.0202444386007364,0.00384637234404632,"3553",1
"BP","GO:0030198","extracellular matrix organization","2/10","278/18842",0.00719424460431655,13.5553956834532,4.85982660440299,0.0090271558573249,0.0202773256060455,0.00385262075973193,"4318/3569",2
"BP","GO:0098739","import across plasma membrane","2/10","278/18842",0.00719424460431655,13.5553956834532,4.85982660440299,0.0090271558573249,0.0202773256060455,0.00385262075973193,"207/7124",2
"BP","GO:0043062","extracellular structure organization","2/10","279/18842",0.00716845878136201,13.5068100358423,4.84985020311384,0.0090897573735396,0.0203902030213504,0.00387406707281865,"4318/3569",2
"BP","GO:0045229","external encapsulating structure organization","2/10","280/18842",0.00714285714285714,13.4585714285714,4.83992497984569,0.00915255699896614,0.0205032179176297,0.00389553950680841,"4318/3569",2
"BP","GO:0140014","mitotic nuclear division","2/10","281/18842",0.00711743772241993,13.4106761565836,4.8300504826437,0.00921555454975804,0.0206163693247297,0.0039170378773754,"7124/3553",2
"BP","GO:0070372","regulation of ERK1 and ERK2 cascade","2/10","283/18842",0.00706713780918728,13.3159010600707,4.81045188649793,0.00934214269258416,0.020778195809075,0.00394778434193271,"7124/3553",2
"BP","GO:0019058","viral life cycle","2/10","284/18842",0.00704225352112676,13.269014084507,4.80072691125877,0.00940573291745752,0.020778195809075,0.00394778434193271,"7124/596",2
"BP","GO:0009651","response to salt stress","1/10","18/18842",0.0555555555555556,104.677777777778,10.1407418580904,0.00951442521602708,0.020778195809075,0.00394778434193271,"7124",1
"BP","GO:0010633","negative regulation of epithelial cell migration","1/10","18/18842",0.0555555555555556,104.677777777778,10.1407418580904,0.00951442521602708,0.020778195809075,0.00394778434193271,"5728",1
"BP","GO:0010713","negative regulation of collagen metabolic process","1/10","18/18842",0.0555555555555556,104.677777777778,10.1407418580904,0.00951442521602708,0.020778195809075,0.00394778434193271,"3569",1
"BP","GO:0016264","gap junction assembly","1/10","18/18842",0.0555555555555556,104.677777777778,10.1407418580904,0.00951442521602708,0.020778195809075,0.00394778434193271,"3553",1
"BP","GO:0030220","platelet formation","1/10","18/18842",0.0555555555555556,104.677777777778,10.1407418580904,0.00951442521602708,0.020778195809075,0.00394778434193271,"836",1
"BP","GO:0031998","regulation of fatty acid beta-oxidation","1/10","18/18842",0.0555555555555556,104.677777777778,10.1407418580904,0.00951442521602708,0.020778195809075,0.00394778434193271,"207",1
"BP","GO:0044539","long-chain fatty acid import into cell","1/10","18/18842",0.0555555555555556,104.677777777778,10.1407418580904,0.00951442521602708,0.020778195809075,0.00394778434193271,"207",1
"BP","GO:0046827","positive regulation of protein export from nucleus","1/10","18/18842",0.0555555555555556,104.677777777778,10.1407418580904,0.00951442521602708,0.020778195809075,0.00394778434193271,"3553",1
"BP","GO:0048011","neurotrophin TRK receptor signaling pathway","1/10","18/18842",0.0555555555555556,104.677777777778,10.1407418580904,0.00951442521602708,0.020778195809075,0.00394778434193271,"836",1
"BP","GO:0048854","brain morphogenesis","1/10","18/18842",0.0555555555555556,104.677777777778,10.1407418580904,0.00951442521602708,0.020778195809075,0.00394778434193271,"5728",1
"BP","GO:0060353","regulation of cell adhesion molecule production","1/10","18/18842",0.0555555555555556,104.677777777778,10.1407418580904,0.00951442521602708,0.020778195809075,0.00394778434193271,"3553",1
"BP","GO:0090201","negative regulation of release of cytochrome c from mitochondria","1/10","18/18842",0.0555555555555556,104.677777777778,10.1407418580904,0.00951442521602708,0.020778195809075,0.00394778434193271,"207",1
"BP","GO:0090520","sphingolipid mediated signaling pathway","1/10","18/18842",0.0555555555555556,104.677777777778,10.1407418580904,0.00951442521602708,0.020778195809075,0.00394778434193271,"207",1
"BP","GO:1901298","regulation of hydrogen peroxide-mediated programmed cell death","1/10","18/18842",0.0555555555555556,104.677777777778,10.1407418580904,0.00951442521602708,0.020778195809075,0.00394778434193271,"207",1
"BP","GO:1903978","regulation of microglial cell activation","1/10","18/18842",0.0555555555555556,104.677777777778,10.1407418580904,0.00951442521602708,0.020778195809075,0.00394778434193271,"3569",1
"BP","GO:2000811","negative regulation of anoikis","1/10","18/18842",0.0555555555555556,104.677777777778,10.1407418580904,0.00951442521602708,0.020778195809075,0.00394778434193271,"596",1
"BP","GO:0002221","pattern recognition receptor signaling pathway","2/10","291/18842",0.00687285223367698,12.9498281786942,4.73399990216223,0.00985637558260539,0.0214965338003719,0.00408426604132157,"207/7124",2
"BP","GO:0006098","pentose-phosphate shunt","1/10","19/18842",0.0526315789473684,99.1684210526316,9.865246407104,0.0100406075230732,0.0215566229136462,0.0040956827621324,"7157",1
"BP","GO:0031053","primary miRNA processing","1/10","19/18842",0.0526315789473684,99.1684210526316,9.865246407104,0.0100406075230732,0.0215566229136462,0.0040956827621324,"3569",1
"BP","GO:0034112","positive regulation of homotypic cell-cell adhesion","1/10","19/18842",0.0526315789473684,99.1684210526316,9.865246407104,0.0100406075230732,0.0215566229136462,0.0040956827621324,"3569",1
"BP","GO:0036344","platelet morphogenesis","1/10","19/18842",0.0526315789473684,99.1684210526316,9.865246407104,0.0100406075230732,0.0215566229136462,0.0040956827621324,"836",1
"BP","GO:0048730","epidermis morphogenesis","1/10","19/18842",0.0526315789473684,99.1684210526316,9.865246407104,0.0100406075230732,0.0215566229136462,0.0040956827621324,"596",1
"BP","GO:0051895","negative regulation of focal adhesion assembly","1/10","19/18842",0.0526315789473684,99.1684210526316,9.865246407104,0.0100406075230732,0.0215566229136462,0.0040956827621324,"5728",1
"BP","GO:0060967","negative regulation of gene silencing by regulatory ncRNA","1/10","19/18842",0.0526315789473684,99.1684210526316,9.865246407104,0.0100406075230732,0.0215566229136462,0.0040956827621324,"3569",1
"BP","GO:0070875","positive regulation of glycogen metabolic process","1/10","19/18842",0.0526315789473684,99.1684210526316,9.865246407104,0.0100406075230732,0.0215566229136462,0.0040956827621324,"207",1
"BP","GO:0071605","monocyte chemotactic protein-1 production","1/10","19/18842",0.0526315789473684,99.1684210526316,9.865246407104,0.0100406075230732,0.0215566229136462,0.0040956827621324,"3553",1
"BP","GO:0071637","regulation of monocyte chemotactic protein-1 production","1/10","19/18842",0.0526315789473684,99.1684210526316,9.865246407104,0.0100406075230732,0.0215566229136462,0.0040956827621324,"3553",1
"BP","GO:1900221","regulation of amyloid-beta clearance","1/10","19/18842",0.0526315789473684,99.1684210526316,9.865246407104,0.0100406075230732,0.0215566229136462,0.0040956827621324,"7124",1
"BP","GO:2000774","positive regulation of cellular senescence","1/10","19/18842",0.0526315789473684,99.1684210526316,9.865246407104,0.0100406075230732,0.0215566229136462,0.0040956827621324,"7157",1
"BP","GO:0007162","negative regulation of cell adhesion","2/10","295/18842",0.00677966101694915,12.7742372881356,4.69689344760109,0.0101181997232718,0.0216949970689893,0.00412197336641833,"207/5728",2
"BP","GO:0006913","nucleocytoplasmic transport","2/10","299/18842",0.00668896321070234,12.6033444816054,4.66050022060567,0.0103831467527429,0.0221669055117588,0.00421163431572834,"207/3553",2
"BP","GO:0051169","nuclear transport","2/10","299/18842",0.00668896321070234,12.6033444816054,4.66050022060567,0.0103831467527429,0.0221669055117588,0.00421163431572834,"207/3553",2
"BP","GO:0070371","ERK1 and ERK2 cascade","2/10","300/18842",0.00666666666666667,12.5613333333333,4.65151058799339,0.0104498700959665,0.0221669055117588,0.00421163431572834,"7124/3553",2
"BP","GO:0001975","response to amphetamine","1/10","20/18842",0.05,94.21,9.6105528940468,0.0105665382421285,0.0221669055117588,0.00421163431572834,"7124",1
"BP","GO:0003085","negative regulation of systemic arterial blood pressure","1/10","20/18842",0.05,94.21,9.6105528940468,0.0105665382421285,0.0221669055117588,0.00421163431572834,"7124",1
"BP","GO:0006925","inflammatory cell apoptotic process","1/10","20/18842",0.05,94.21,9.6105528940468,0.0105665382421285,0.0221669055117588,0.00421163431572834,"3569",1
"BP","GO:0010165","response to X-ray","1/10","20/18842",0.05,94.21,9.6105528940468,0.0105665382421285,0.0221669055117588,0.00421163431572834,"836",1
"BP","GO:0034104","negative regulation of tissue remodeling","1/10","20/18842",0.05,94.21,9.6105528940468,0.0105665382421285,0.0221669055117588,0.00421163431572834,"3569",1
"BP","GO:0045472","response to ether","1/10","20/18842",0.05,94.21,9.6105528940468,0.0105665382421285,0.0221669055117588,0.00421163431572834,"207",1
"BP","GO:0046885","regulation of hormone biosynthetic process","1/10","20/18842",0.05,94.21,9.6105528940468,0.0105665382421285,0.0221669055117588,0.00421163431572834,"3091",1
"BP","GO:0051882","mitochondrial depolarization","1/10","20/18842",0.05,94.21,9.6105528940468,0.0105665382421285,0.0221669055117588,0.00421163431572834,"596",1
"BP","GO:0070886","positive regulation of calcineurin-NFAT signaling cascade","1/10","20/18842",0.05,94.21,9.6105528940468,0.0105665382421285,0.0221669055117588,0.00421163431572834,"7124",1
"BP","GO:0106058","positive regulation of calcineurin-mediated signaling","1/10","20/18842",0.05,94.21,9.6105528940468,0.0105665382421285,0.0221669055117588,0.00421163431572834,"7124",1
"BP","GO:0140354","lipid import into cell","1/10","20/18842",0.05,94.21,9.6105528940468,0.0105665382421285,0.0221669055117588,0.00421163431572834,"207",1
"BP","GO:0150118","negative regulation of cell-substrate junction organization","1/10","20/18842",0.05,94.21,9.6105528940468,0.0105665382421285,0.0221669055117588,0.00421163431572834,"5728",1
"BP","GO:1900119","positive regulation of execution phase of apoptosis","1/10","20/18842",0.05,94.21,9.6105528940468,0.0105665382421285,0.0221669055117588,0.00421163431572834,"7157",1
"BP","GO:1902001","fatty acid transmembrane transport","1/10","20/18842",0.05,94.21,9.6105528940468,0.0105665382421285,0.0221669055117588,0.00421163431572834,"207",1
"BP","GO:0045333","cellular respiration","2/10","303/18842",0.0066006600660066,12.4369636963696,4.62479680799018,0.0106512050236537,0.0223161668706247,0.00423999345050602,"7124/3091",2
"BP","GO:0002758","innate immune response-activating signaling pathway","2/10","306/18842",0.0065359477124183,12.3150326797386,4.59845845828221,0.0108542834876597,0.0226840785292736,0.0043098953755131,"207/7124",2
"BP","GO:0050807","regulation of synapse organization","2/10","306/18842",0.0065359477124183,12.3150326797386,4.59845845828221,0.0108542834876597,0.0226840785292736,0.0043098953755131,"207/7124",2
"BP","GO:0010948","negative regulation of cell cycle process","2/10","309/18842",0.00647249190938511,12.1954692556634,4.57248648538079,0.011059100595619,0.0228629850932419,0.00434388699530497,"7157/5728",2
"BP","GO:0010421","hydrogen peroxide-mediated programmed cell death","1/10","21/18842",0.0476190476190476,89.7238095238095,9.37415721500288,0.0110922174801252,0.0228629850932419,0.00434388699530497,"207",1
"BP","GO:0030813","positive regulation of nucleotide catabolic process","1/10","21/18842",0.0476190476190476,89.7238095238095,9.37415721500288,0.0110922174801252,0.0228629850932419,0.00434388699530497,"3091",1
"BP","GO:0033123","positive regulation of purine nucleotide catabolic process","1/10","21/18842",0.0476190476190476,89.7238095238095,9.37415721500288,0.0110922174801252,0.0228629850932419,0.00434388699530497,"3091",1
"BP","GO:0042634","regulation of hair cycle","1/10","21/18842",0.0476190476190476,89.7238095238095,9.37415721500288,0.0110922174801252,0.0228629850932419,0.00434388699530497,"7124",1
"BP","GO:0043388","positive regulation of DNA binding","1/10","21/18842",0.0476190476190476,89.7238095238095,9.37415721500288,0.0110922174801252,0.0228629850932419,0.00434388699530497,"4318",1
"BP","GO:0045821","positive regulation of glycolytic process","1/10","21/18842",0.0476190476190476,89.7238095238095,9.37415721500288,0.0110922174801252,0.0228629850932419,0.00434388699530497,"3091",1
"BP","GO:0048566","embryonic digestive tract development","1/10","21/18842",0.0476190476190476,89.7238095238095,9.37415721500288,0.0110922174801252,0.0228629850932419,0.00434388699530497,"7124",1
"BP","GO:0060352","cell adhesion molecule production","1/10","21/18842",0.0476190476190476,89.7238095238095,9.37415721500288,0.0110922174801252,0.0228629850932419,0.00434388699530497,"3553",1
"BP","GO:0098883","synapse pruning","1/10","21/18842",0.0476190476190476,89.7238095238095,9.37415721500288,0.0110922174801252,0.0228629850932419,0.00434388699530497,"836",1
"BP","GO:1902254","negative regulation of intrinsic apoptotic signaling pathway by p53 class mediator","1/10","21/18842",0.0476190476190476,89.7238095238095,9.37415721500288,0.0110922174801252,0.0228629850932419,0.00434388699530497,"596",1
"BP","GO:0050803","regulation of synapse structure or activity","2/10","311/18842",0.00643086816720257,12.1170418006431,4.5553710466959,0.0111966088354433,0.0230493780390484,0.00437930100139401,"207/7124",2
"BP","GO:0002082","regulation of oxidative phosphorylation","1/10","22/18842",0.0454545454545455,85.6454545454546,9.15395818792012,0.011617645343958,0.0233911371498472,0.00444423403401732,"7124",1
"BP","GO:0002922","positive regulation of humoral immune response","1/10","22/18842",0.0454545454545455,85.6454545454546,9.15395818792012,0.011617645343958,0.0233911371498472,0.00444423403401732,"3553",1
"BP","GO:0003309","type B pancreatic cell differentiation","1/10","22/18842",0.0454545454545455,85.6454545454546,9.15395818792012,0.011617645343958,0.0233911371498472,0.00444423403401732,"207",1
"BP","GO:0009110","vitamin biosynthetic process","1/10","22/18842",0.0454545454545455,85.6454545454546,9.15395818792012,0.011617645343958,0.0233911371498472,0.00444423403401732,"7124",1
"BP","GO:0015732","prostaglandin transport","1/10","22/18842",0.0454545454545455,85.6454545454546,9.15395818792012,0.011617645343958,0.0233911371498472,0.00444423403401732,"3553",1
"BP","GO:0021955","central nervous system neuron axonogenesis","1/10","22/18842",0.0454545454545455,85.6454545454546,9.15395818792012,0.011617645343958,0.0233911371498472,0.00444423403401732,"5728",1
"BP","GO:0032211","negative regulation of telomere maintenance via telomerase","1/10","22/18842",0.0454545454545455,85.6454545454546,9.15395818792012,0.011617645343958,0.0233911371498472,0.00444423403401732,"7157",1
"BP","GO:0032469","endoplasmic reticulum calcium ion homeostasis","1/10","22/18842",0.0454545454545455,85.6454545454546,9.15395818792012,0.011617645343958,0.0233911371498472,0.00444423403401732,"596",1
"BP","GO:0042359","vitamin D metabolic process","1/10","22/18842",0.0454545454545455,85.6454545454546,9.15395818792012,0.011617645343958,0.0233911371498472,0.00444423403401732,"7124",1
"BP","GO:0045822","negative regulation of heart contraction","1/10","22/18842",0.0454545454545455,85.6454545454546,9.15395818792012,0.011617645343958,0.0233911371498472,0.00444423403401732,"7124",1
"BP","GO:0048147","negative regulation of fibroblast proliferation","1/10","22/18842",0.0454545454545455,85.6454545454546,9.15395818792012,0.011617645343958,0.0233911371498472,0.00444423403401732,"7157",1
"BP","GO:0048710","regulation of astrocyte differentiation","1/10","22/18842",0.0454545454545455,85.6454545454546,9.15395818792012,0.011617645343958,0.0233911371498472,0.00444423403401732,"3569",1
"BP","GO:0051953","negative regulation of amine transport","1/10","22/18842",0.0454545454545455,85.6454545454546,9.15395818792012,0.011617645343958,0.0233911371498472,0.00444423403401732,"7124",1
"BP","GO:0071480","cellular response to gamma radiation","1/10","22/18842",0.0454545454545455,85.6454545454546,9.15395818792012,0.011617645343958,0.0233911371498472,0.00444423403401732,"7157",1
"BP","GO:0097700","vascular endothelial cell response to laminar fluid shear stress","1/10","22/18842",0.0454545454545455,85.6454545454546,9.15395818792012,0.011617645343958,0.0233911371498472,0.00444423403401732,"207",1
"BP","GO:1900102","negative regulation of endoplasmic reticulum unfolded protein response","1/10","22/18842",0.0454545454545455,85.6454545454546,9.15395818792012,0.011617645343958,0.0233911371498472,0.00444423403401732,"207",1
"BP","GO:1903318","negative regulation of protein maturation","1/10","22/18842",0.0454545454545455,85.6454545454546,9.15395818792012,0.011617645343958,0.0233911371498472,0.00444423403401732,"207",1
"BP","GO:1903427","negative regulation of reactive oxygen species biosynthetic process","1/10","22/18842",0.0454545454545455,85.6454545454546,9.15395818792012,0.011617645343958,0.0233911371498472,0.00444423403401732,"3091",1
"BP","GO:0042742","defense response to bacterium","2/10","322/18842",0.0062111801242236,11.7031055900621,4.46396732094677,0.0119666134250307,0.0240644077524064,0.00457215308758144,"3553/3569",2
"BP","GO:0034138","toll-like receptor 3 signaling pathway","1/10","23/18842",0.0434782608695652,81.9217391304348,8.94817783773379,0.0121428219404808,0.0242123176615142,0.00460025545164413,"7124",1
"BP","GO:0036499","PERK-mediated unfolded protein response","1/10","23/18842",0.0434782608695652,81.9217391304348,8.94817783773379,0.0121428219404808,0.0242123176615142,0.00460025545164413,"207",1
"BP","GO:0038203","TORC2 signaling","1/10","23/18842",0.0434782608695652,81.9217391304348,8.94817783773379,0.0121428219404808,0.0242123176615142,0.00460025545164413,"207",1
"BP","GO:0048265","response to pain","1/10","23/18842",0.0434782608695652,81.9217391304348,8.94817783773379,0.0121428219404808,0.0242123176615142,0.00460025545164413,"207",1
"BP","GO:0061042","vascular wound healing","1/10","23/18842",0.0434782608695652,81.9217391304348,8.94817783773379,0.0121428219404808,0.0242123176615142,0.00460025545164413,"7124",1
"BP","GO:0097468","programmed cell death in response to reactive oxygen species","1/10","23/18842",0.0434782608695652,81.9217391304348,8.94817783773379,0.0121428219404808,0.0242123176615142,0.00460025545164413,"207",1
"BP","GO:2000773","negative regulation of cellular senescence","1/10","23/18842",0.0434782608695652,81.9217391304348,8.94817783773379,0.0121428219404808,0.0242123176615142,0.00460025545164413,"5728",1
"BP","GO:0071375","cellular response to peptide hormone stimulus","2/10","325/18842",0.00615384615384615,11.5950769230769,4.43980844965807,0.0121806210256403,0.0242583900040195,0.0046090090351607,"207/3553",2
"BP","GO:0002218","activation of innate immune response","2/10","326/18842",0.00613496932515337,11.559509202454,4.43182597963556,0.0122523366548783,0.0243424883480194,0.00462498742561751,"207/7124",2
"BP","GO:0043122","regulation of canonical NF-kappaB signal transduction","2/10","326/18842",0.00613496932515337,11.559509202454,4.43182597963556,0.0122523366548783,0.0243424883480194,0.00462498742561751,"7124/3553",2
"BP","GO:0006740","NADPH regeneration","1/10","24/18842",0.0416666666666667,78.5083333333333,8.75530014842554,0.012667747376508,0.0248981558554937,0.004730562303508,"7157",1
"BP","GO:0010640","regulation of platelet-derived growth factor receptor signaling pathway","1/10","24/18842",0.0416666666666667,78.5083333333333,8.75530014842554,0.012667747376508,0.0248981558554937,0.004730562303508,"3553",1
"BP","GO:0043153","entrainment of circadian clock by photoperiod","1/10","24/18842",0.0416666666666667,78.5083333333333,8.75530014842554,0.012667747376508,0.0248981558554937,0.004730562303508,"7157",1
"BP","GO:0045980","negative regulation of nucleotide metabolic process","1/10","24/18842",0.0416666666666667,78.5083333333333,8.75530014842554,0.012667747376508,0.0248981558554937,0.004730562303508,"7157",1
"BP","GO:0070232","regulation of T cell apoptotic process","1/10","24/18842",0.0416666666666667,78.5083333333333,8.75530014842554,0.012667747376508,0.0248981558554937,0.004730562303508,"7157",1
"BP","GO:1900543","negative regulation of purine nucleotide metabolic process","1/10","24/18842",0.0416666666666667,78.5083333333333,8.75530014842554,0.012667747376508,0.0248981558554937,0.004730562303508,"7157",1
"BP","GO:1903523","negative regulation of blood circulation","1/10","24/18842",0.0416666666666667,78.5083333333333,8.75530014842554,0.012667747376508,0.0248981558554937,0.004730562303508,"7124",1
"BP","GO:2000108","positive regulation of leukocyte apoptotic process","1/10","24/18842",0.0416666666666667,78.5083333333333,8.75530014842554,0.012667747376508,0.0248981558554937,0.004730562303508,"7157",1
"BP","GO:2000209","regulation of anoikis","1/10","24/18842",0.0416666666666667,78.5083333333333,8.75530014842554,0.012667747376508,0.0248981558554937,0.004730562303508,"596",1
"BP","GO:0090287","regulation of cellular response to growth factor stimulus","2/10","333/18842",0.00600600600600601,11.3165165165165,4.3769085118586,0.0127596443664054,0.0250489570141917,0.00475921399485424,"3553/3091",2
"BP","GO:0002429","immune response-activating cell surface receptor signaling pathway","2/10","336/18842",0.00595238095238095,11.2154761904762,4.35387270884146,0.0129798905167164,0.0254510679846779,0.00483561366918552,"207/596",2
"BP","GO:0002828","regulation of type 2 immune response","1/10","25/18842",0.04,75.368,8.57402342987067,0.0131924217588143,0.0255824133059861,0.00486056881965244,"3569",1
"BP","GO:0031145","anaphase-promoting complex-dependent catabolic process","1/10","25/18842",0.04,75.368,8.57402342987067,0.0131924217588143,0.0255824133059861,0.00486056881965244,"207",1
"BP","GO:0035313","wound healing, spreading of epidermal cells","1/10","25/18842",0.04,75.368,8.57402342987067,0.0131924217588143,0.0255824133059861,0.00486056881965244,"5728",1
"BP","GO:0045116","protein neddylation","1/10","25/18842",0.04,75.368,8.57402342987067,0.0131924217588143,0.0255824133059861,0.00486056881965244,"3091",1
"BP","GO:0072540","T-helper 17 cell lineage commitment","1/10","25/18842",0.04,75.368,8.57402342987067,0.0131924217588143,0.0255824133059861,0.00486056881965244,"3569",1
"BP","GO:0097396","response to interleukin-17","1/10","25/18842",0.04,75.368,8.57402342987067,0.0131924217588143,0.0255824133059861,0.00486056881965244,"3553",1
"BP","GO:0097398","cellular response to interleukin-17","1/10","25/18842",0.04,75.368,8.57402342987067,0.0131924217588143,0.0255824133059861,0.00486056881965244,"3553",1
"BP","GO:2000810","regulation of bicellular tight junction assembly","1/10","25/18842",0.04,75.368,8.57402342987067,0.0131924217588143,0.0255824133059861,0.00486056881965244,"7124",1
"BP","GO:0002449","lymphocyte mediated immunity","2/10","339/18842",0.00589970501474926,11.1162241887906,4.3311275332277,0.013201826854452,0.0255824133059861,0.00486056881965244,"3553/3569",2
"BP","GO:0007249","canonical NF-kappaB signal transduction","2/10","339/18842",0.00589970501474926,11.1162241887906,4.3311275332277,0.013201826854452,0.0255824133059861,0.00486056881965244,"7124/3553",2
"BP","GO:0002719","negative regulation of cytokine production involved in immune response","1/10","26/18842",0.0384615384615385,72.4692307692308,8.40322286133168,0.0137168451941337,0.0262112400642532,0.00498004369864992,"7124",1
"BP","GO:0007143","female meiotic nuclear division","1/10","26/18842",0.0384615384615385,72.4692307692308,8.40322286133168,0.0137168451941337,0.0262112400642532,0.00498004369864992,"5728",1
"BP","GO:0019098","reproductive behavior","1/10","26/18842",0.0384615384615385,72.4692307692308,8.40322286133168,0.0137168451941337,0.0262112400642532,0.00498004369864992,"5728",1
"BP","GO:0033028","myeloid cell apoptotic process","1/10","26/18842",0.0384615384615385,72.4692307692308,8.40322286133168,0.0137168451941337,0.0262112400642532,0.00498004369864992,"3569",1
"BP","GO:0034643","establishment of mitochondrion localization, microtubule-mediated","1/10","26/18842",0.0384615384615385,72.4692307692308,8.40322286133168,0.0137168451941337,0.0262112400642532,0.00498004369864992,"3091",1
"BP","GO:0045672","positive regulation of osteoclast differentiation","1/10","26/18842",0.0384615384615385,72.4692307692308,8.40322286133168,0.0137168451941337,0.0262112400642532,0.00498004369864992,"7124",1
"BP","GO:0045723","positive regulation of fatty acid biosynthetic process","1/10","26/18842",0.0384615384615385,72.4692307692308,8.40322286133168,0.0137168451941337,0.0262112400642532,0.00498004369864992,"3553",1
"BP","GO:0046856","phosphatidylinositol dephosphorylation","1/10","26/18842",0.0384615384615385,72.4692307692308,8.40322286133168,0.0137168451941337,0.0262112400642532,0.00498004369864992,"5728",1
"BP","GO:0047497","mitochondrion transport along microtubule","1/10","26/18842",0.0384615384615385,72.4692307692308,8.40322286133168,0.0137168451941337,0.0262112400642532,0.00498004369864992,"3091",1
"BP","GO:0060218","hematopoietic stem cell differentiation","1/10","26/18842",0.0384615384615385,72.4692307692308,8.40322286133168,0.0137168451941337,0.0262112400642532,0.00498004369864992,"7157",1
"BP","GO:0060333","type II interferon-mediated signaling pathway","1/10","26/18842",0.0384615384615385,72.4692307692308,8.40322286133168,0.0137168451941337,0.0262112400642532,0.00498004369864992,"7157",1
"BP","GO:0061180","mammary gland epithelium development","1/10","26/18842",0.0384615384615385,72.4692307692308,8.40322286133168,0.0137168451941337,0.0262112400642532,0.00498004369864992,"207",1
"BP","GO:0010639","negative regulation of organelle organization","2/10","348/18842",0.00574712643678161,10.8287356321839,4.26457347342512,0.0138777290423638,0.0264574256916197,0.00502681810456353,"207/7157",2
"BP","GO:1990778","protein localization to cell periphery","2/10","348/18842",0.00574712643678161,10.8287356321839,4.26457347342512,0.0138777290423638,0.0264574256916197,0.00502681810456353,"207/7124",2
"BP","GO:0002313","mature B cell differentiation involved in immune response","1/10","27/18842",0.037037037037037,69.7851851851852,8.24192073788475,0.0142410177891624,0.0268707661370368,0.00510535133975387,"3569",1
"BP","GO:0009649","entrainment of circadian clock","1/10","27/18842",0.037037037037037,69.7851851851852,8.24192073788475,0.0142410177891624,0.0268707661370368,0.00510535133975387,"7157",1
"BP","GO:0032740","positive regulation of interleukin-17 production","1/10","27/18842",0.037037037037037,69.7851851851852,8.24192073788475,0.0142410177891624,0.0268707661370368,0.00510535133975387,"3569",1
"BP","GO:0035883","enteroendocrine cell differentiation","1/10","27/18842",0.037037037037037,69.7851851851852,8.24192073788475,0.0142410177891624,0.0268707661370368,0.00510535133975387,"207",1
"BP","GO:0050996","positive regulation of lipid catabolic process","1/10","27/18842",0.037037037037037,69.7851851851852,8.24192073788475,0.0142410177891624,0.0268707661370368,0.00510535133975387,"3553",1
"BP","GO:0060055","angiogenesis involved in wound healing","1/10","27/18842",0.037037037037037,69.7851851851852,8.24192073788475,0.0142410177891624,0.0268707661370368,0.00510535133975387,"7124",1
"BP","GO:0060292","long-term synaptic depression","1/10","27/18842",0.037037037037037,69.7851851851852,8.24192073788475,0.0142410177891624,0.0268707661370368,0.00510535133975387,"5728",1
"BP","GO:1900745","positive regulation of p38MAPK cascade","1/10","27/18842",0.037037037037037,69.7851851851852,8.24192073788475,0.0142410177891624,0.0268707661370368,0.00510535133975387,"3553",1
"BP","GO:1902018","negative regulation of cilium assembly","1/10","27/18842",0.037037037037037,69.7851851851852,8.24192073788475,0.0142410177891624,0.0268707661370368,0.00510535133975387,"207",1
"BP","GO:0030098","lymphocyte differentiation","2/10","356/18842",0.00561797752808989,10.585393258427,4.20743302975268,0.0144911606725577,0.027311536838348,0.00518909622737588,"3553/3569",2
"BP","GO:0002295","T-helper cell lineage commitment","1/10","28/18842",0.0357142857142857,67.2928571428571,8.08926261492532,0.0147649396505553,0.0276069256659872,0.00524521906880308,"3569",1
"BP","GO:0015813","L-glutamate transmembrane transport","1/10","28/18842",0.0357142857142857,67.2928571428571,8.08926261492532,0.0147649396505553,0.0276069256659872,0.00524521906880308,"7124",1
"BP","GO:0046621","negative regulation of organ growth","1/10","28/18842",0.0357142857142857,67.2928571428571,8.08926261492532,0.0147649396505553,0.0276069256659872,0.00524521906880308,"5728",1
"BP","GO:0051156","glucose 6-phosphate metabolic process","1/10","28/18842",0.0357142857142857,67.2928571428571,8.08926261492532,0.0147649396505553,0.0276069256659872,0.00524521906880308,"7157",1
"BP","GO:0070102","interleukin-6-mediated signaling pathway","1/10","28/18842",0.0357142857142857,67.2928571428571,8.08926261492532,0.0147649396505553,0.0276069256659872,0.00524521906880308,"3569",1
"BP","GO:0097699","vascular endothelial cell response to fluid shear stress","1/10","28/18842",0.0357142857142857,67.2928571428571,8.08926261492532,0.0147649396505553,0.0276069256659872,0.00524521906880308,"207",1
"BP","GO:1902230","negative regulation of intrinsic apoptotic signaling pathway in response to DNA damage","1/10","28/18842",0.0357142857142857,67.2928571428571,8.08926261492532,0.0147649396505553,0.0276069256659872,0.00524521906880308,"596",1
"BP","GO:0044093","positive regulation of molecular function","2/10","366/18842",0.00546448087431694,10.296174863388,4.1385156539314,0.0152745232309333,0.0283294013142727,0.00538248690851048,"207/4318",2
"BP","GO:0002335","mature B cell differentiation","1/10","29/18842",0.0344827586206897,64.9724137931035,7.94449801691187,0.0152886108849285,0.0283294013142727,0.00538248690851048,"3569",1
"BP","GO:0009648","photoperiodism","1/10","29/18842",0.0344827586206897,64.9724137931035,7.94449801691187,0.0152886108849285,0.0283294013142727,0.00538248690851048,"7157",1
"BP","GO:0030449","regulation of complement activation","1/10","29/18842",0.0344827586206897,64.9724137931035,7.94449801691187,0.0152886108849285,0.0283294013142727,0.00538248690851048,"3553",1
"BP","GO:0097107","postsynaptic density assembly","1/10","29/18842",0.0344827586206897,64.9724137931035,7.94449801691187,0.0152886108849285,0.0283294013142727,0.00538248690851048,"5728",1
"BP","GO:0140896","cGAS/STING signaling pathway","1/10","29/18842",0.0344827586206897,64.9724137931035,7.94449801691187,0.0152886108849285,0.0283294013142727,0.00538248690851048,"207",1
"BP","GO:1903715","regulation of aerobic respiration","1/10","29/18842",0.0344827586206897,64.9724137931035,7.94449801691187,0.0152886108849285,0.0283294013142727,0.00538248690851048,"7124",1
"BP","GO:2000279","negative regulation of DNA biosynthetic process","1/10","29/18842",0.0344827586206897,64.9724137931035,7.94449801691187,0.0152886108849285,0.0283294013142727,0.00538248690851048,"7157",1
"BP","GO:0016236","macroautophagy","2/10","369/18842",0.00542005420054201,10.2124661246612,4.11835826273968,0.0155130988707954,0.0287131460041291,0.00545539705392615,"207/836",2
"BP","GO:0006024","glycosaminoglycan biosynthetic process","1/10","30/18842",0.0333333333333333,62.8066666666667,7.80696471288611,0.0158120315988577,0.0289741000773741,0.00550497741276896,"3553",1
"BP","GO:0010715","regulation of extracellular matrix disassembly","1/10","30/18842",0.0333333333333333,62.8066666666667,7.80696471288611,0.0158120315988577,0.0289741000773741,0.00550497741276896,"3569",1
"BP","GO:0046825","regulation of protein export from nucleus","1/10","30/18842",0.0333333333333333,62.8066666666667,7.80696471288611,0.0158120315988577,0.0289741000773741,0.00550497741276896,"3553",1
"BP","GO:0050901","leukocyte tethering or rolling","1/10","30/18842",0.0333333333333333,62.8066666666667,7.80696471288611,0.0158120315988577,0.0289741000773741,0.00550497741276896,"7124",1
"BP","GO:0050974","detection of mechanical stimulus involved in sensory perception","1/10","30/18842",0.0333333333333333,62.8066666666667,7.80696471288611,0.0158120315988577,0.0289741000773741,0.00550497741276896,"7124",1
"BP","GO:0051654","establishment of mitochondrion localization","1/10","30/18842",0.0333333333333333,62.8066666666667,7.80696471288611,0.0158120315988577,0.0289741000773741,0.00550497741276896,"3091",1
"BP","GO:0090330","regulation of platelet aggregation","1/10","30/18842",0.0333333333333333,62.8066666666667,7.80696471288611,0.0158120315988577,0.0289741000773741,0.00550497741276896,"3569",1
"BP","GO:1902253","regulation of intrinsic apoptotic signaling pathway by p53 class mediator","1/10","30/18842",0.0333333333333333,62.8066666666667,7.80696471288611,0.0158120315988577,0.0289741000773741,0.00550497741276896,"596",1
"BP","GO:1904357","negative regulation of telomere maintenance via telomere lengthening","1/10","30/18842",0.0333333333333333,62.8066666666667,7.80696471288611,0.0158120315988577,0.0289741000773741,0.00550497741276896,"7157",1
"BP","GO:0031647","regulation of protein stability","2/10","376/18842",0.00531914893617021,10.0223404255319,4.07221283582542,0.016076136671977,0.0294253898508139,0.00559072088720873,"836/5728",2
"BP","GO:0002460","adaptive immune response based on somatic recombination of immune receptors built from immunoglobulin superfamily domains","2/10","377/18842",0.00530503978779841,9.99575596816976,4.06571972517727,0.0161572950953966,0.0294747741366669,0.00560010372834757,"3553/3569",2
"BP","GO:0001516","prostaglandin biosynthetic process","1/10","31/18842",0.032258064516129,60.7806451612903,7.67607580466587,0.0163352018988796,0.0294747741366669,0.00560010372834757,"3553",1
"BP","GO:0005979","regulation of glycogen biosynthetic process","1/10","31/18842",0.032258064516129,60.7806451612903,7.67607580466587,0.0163352018988796,0.0294747741366669,0.00560010372834757,"207",1
"BP","GO:0010962","regulation of glucan biosynthetic process","1/10","31/18842",0.032258064516129,60.7806451612903,7.67607580466587,0.0163352018988796,0.0294747741366669,0.00560010372834757,"207",1
"BP","GO:0032682","negative regulation of chemokine production","1/10","31/18842",0.032258064516129,60.7806451612903,7.67607580466587,0.0163352018988796,0.0294747741366669,0.00560010372834757,"3569",1
"BP","GO:0038179","neurotrophin signaling pathway","1/10","31/18842",0.032258064516129,60.7806451612903,7.67607580466587,0.0163352018988796,0.0294747741366669,0.00560010372834757,"836",1
"BP","GO:0043373","CD4-positive, alpha-beta T cell lineage commitment","1/10","31/18842",0.032258064516129,60.7806451612903,7.67607580466587,0.0163352018988796,0.0294747741366669,0.00560010372834757,"3569",1
"BP","GO:0046320","regulation of fatty acid oxidation","1/10","31/18842",0.032258064516129,60.7806451612903,7.67607580466587,0.0163352018988796,0.0294747741366669,0.00560010372834757,"207",1
"BP","GO:0046326","positive regulation of D-glucose import across plasma membrane","1/10","31/18842",0.032258064516129,60.7806451612903,7.67607580466587,0.0163352018988796,0.0294747741366669,0.00560010372834757,"207",1
"BP","GO:0046717","acid secretion","1/10","31/18842",0.032258064516129,60.7806451612903,7.67607580466587,0.0163352018988796,0.0294747741366669,0.00560010372834757,"7124",1
"BP","GO:0071312","cellular response to alkaloid","1/10","31/18842",0.032258064516129,60.7806451612903,7.67607580466587,0.0163352018988796,0.0294747741366669,0.00560010372834757,"836",1
"BP","GO:0071499","cellular response to laminar fluid shear stress","1/10","31/18842",0.032258064516129,60.7806451612903,7.67607580466587,0.0163352018988796,0.0294747741366669,0.00560010372834757,"207",1
"BP","GO:1903055","positive regulation of extracellular matrix organization","1/10","31/18842",0.032258064516129,60.7806451612903,7.67607580466587,0.0163352018988796,0.0294747741366669,0.00560010372834757,"3569",1
"BP","GO:0010975","regulation of neuron projection development","2/10","381/18842",0.005249343832021,9.89081364829396,4.03998856851831,0.016483732966251,0.0297103090909175,0.00564485454371731,"207/5728",2
"BP","GO:1903706","regulation of hemopoiesis","2/10","382/18842",0.00523560209424084,9.86492146596859,4.03361531887341,0.0165657926108693,0.0297995280972709,0.00566180584206492,"7124/3091",2
"BP","GO:0043269","regulation of monoatomic ion transport","2/10","383/18842",0.00522193211488251,9.83916449086162,4.0272655772335,0.0166480319796505,0.0297995280972709,0.00566180584206492,"596/4318",2
"BP","GO:0002363","alpha-beta T cell lineage commitment","1/10","32/18842",0.03125,58.88125,7.55130905179083,0.0168581218914906,0.0297995280972709,0.00566180584206492,"3569",1
"BP","GO:0010893","positive regulation of steroid biosynthetic process","1/10","32/18842",0.03125,58.88125,7.55130905179083,0.0168581218914906,0.0297995280972709,0.00566180584206492,"7124",1
"BP","GO:0014003","oligodendrocyte development","1/10","32/18842",0.03125,58.88125,7.55130905179083,0.0168581218914906,0.0297995280972709,0.00566180584206492,"5728",1
"BP","GO:0016242","negative regulation of macroautophagy","1/10","32/18842",0.03125,58.88125,7.55130905179083,0.0168581218914906,0.0297995280972709,0.00566180584206492,"207",1
"BP","GO:0018107","peptidyl-threonine phosphorylation","1/10","32/18842",0.03125,58.88125,7.55130905179083,0.0168581218914906,0.0297995280972709,0.00566180584206492,"207",1
"BP","GO:0018210","peptidyl-threonine modification","1/10","32/18842",0.03125,58.88125,7.55130905179083,0.0168581218914906,0.0297995280972709,0.00566180584206492,"207",1
"BP","GO:0022602","ovulation cycle process","1/10","32/18842",0.03125,58.88125,7.55130905179083,0.0168581218914906,0.0297995280972709,0.00566180584206492,"836",1
"BP","GO:0043369","CD4-positive or CD8-positive, alpha-beta T cell lineage commitment","1/10","32/18842",0.03125,58.88125,7.55130905179083,0.0168581218914906,0.0297995280972709,0.00566180584206492,"3569",1
"BP","GO:0045648","positive regulation of erythrocyte differentiation","1/10","32/18842",0.03125,58.88125,7.55130905179083,0.0168581218914906,0.0297995280972709,0.00566180584206492,"3091",1
"BP","GO:0045742","positive regulation of epidermal growth factor receptor signaling pathway","1/10","32/18842",0.03125,58.88125,7.55130905179083,0.0168581218914906,0.0297995280972709,0.00566180584206492,"4318",1
"BP","GO:0051602","response to electrical stimulus","1/10","32/18842",0.03125,58.88125,7.55130905179083,0.0168581218914906,0.0297995280972709,0.00566180584206492,"5728",1
"BP","GO:0060964","regulation of miRNA-mediated gene silencing","1/10","32/18842",0.03125,58.88125,7.55130905179083,0.0168581218914906,0.0297995280972709,0.00566180584206492,"3569",1
"BP","GO:0070972","protein localization to endoplasmic reticulum","1/10","32/18842",0.03125,58.88125,7.55130905179083,0.0168581218914906,0.0297995280972709,0.00566180584206492,"207",1
"BP","GO:1900368","regulation of post-transcriptional gene silencing by regulatory ncRNA","1/10","32/18842",0.03125,58.88125,7.55130905179083,0.0168581218914906,0.0297995280972709,0.00566180584206492,"3569",1
"BP","GO:1902229","regulation of intrinsic apoptotic signaling pathway in response to DNA damage","1/10","32/18842",0.03125,58.88125,7.55130905179083,0.0168581218914906,0.0297995280972709,0.00566180584206492,"596",1
"BP","GO:2000463","positive regulation of excitatory postsynaptic potential","1/10","32/18842",0.03125,58.88125,7.55130905179083,0.0168581218914906,0.0297995280972709,0.00566180584206492,"5728",1
"BP","GO:0006631","fatty acid metabolic process","2/10","390/18842",0.00512820512820513,9.6625641025641,3.98346305825486,0.0172287253083078,0.0304220593411938,0.00578008459541315,"207/3553",2
"BP","GO:0002446","neutrophil mediated immunity","1/10","33/18842",0.0303030303030303,57.0969696969697,7.4321979892237,0.017380791683149,0.0304895977498716,0.00579291665622859,"3569",1
"BP","GO:0046457","prostanoid biosynthetic process","1/10","33/18842",0.0303030303030303,57.0969696969697,7.4321979892237,0.017380791683149,0.0304895977498716,0.00579291665622859,"3553",1
"BP","GO:0051955","regulation of amino acid transport","1/10","33/18842",0.0303030303030303,57.0969696969697,7.4321979892237,0.017380791683149,0.0304895977498716,0.00579291665622859,"7124",1
"BP","GO:0060147","regulation of post-transcriptional gene silencing","1/10","33/18842",0.0303030303030303,57.0969696969697,7.4321979892237,0.017380791683149,0.0304895977498716,0.00579291665622859,"3569",1
"BP","GO:0071634","regulation of transforming growth factor beta production","1/10","33/18842",0.0303030303030303,57.0969696969697,7.4321979892237,0.017380791683149,0.0304895977498716,0.00579291665622859,"3091",1
"BP","GO:0071676","negative regulation of mononuclear cell migration","1/10","33/18842",0.0303030303030303,57.0969696969697,7.4321979892237,0.017380791683149,0.0304895977498716,0.00579291665622859,"207",1
"BP","GO:0002768","immune response-regulating cell surface receptor signaling pathway","2/10","392/18842",0.00510204081632653,9.61326530612245,3.97115121743486,0.0173962453545603,0.0304895977498716,0.00579291665622859,"207/596",2
"BP","GO:0045089","positive regulation of innate immune response","2/10","396/18842",0.00505050505050505,9.51616161616162,3.94679107593442,0.0177334200412202,0.03101595171965,0.00589292206474908,"207/7124",2
"BP","GO:0002701","negative regulation of production of molecular mediator of immune response","1/10","34/18842",0.0294117647058824,55.4176470588235,7.3183244924964,0.0179032113802704,0.03101595171965,0.00589292206474908,"7124",1
"BP","GO:0002825","regulation of T-helper 1 type immune response","1/10","34/18842",0.0294117647058824,55.4176470588235,7.3183244924964,0.0179032113802704,0.03101595171965,0.00589292206474908,"3553",1
"BP","GO:0030212","hyaluronan metabolic process","1/10","34/18842",0.0294117647058824,55.4176470588235,7.3183244924964,0.0179032113802704,0.03101595171965,0.00589292206474908,"3553",1
"BP","GO:0035633","maintenance of blood-brain barrier","1/10","34/18842",0.0294117647058824,55.4176470588235,7.3183244924964,0.0179032113802704,0.03101595171965,0.00589292206474908,"3569",1
"BP","GO:0043462","regulation of ATP-dependent activity","1/10","34/18842",0.0294117647058824,55.4176470588235,7.3183244924964,0.0179032113802704,0.03101595171965,0.00589292206474908,"7157",1
"BP","GO:0045746","negative regulation of Notch signaling pathway","1/10","34/18842",0.0294117647058824,55.4176470588235,7.3183244924964,0.0179032113802704,0.03101595171965,0.00589292206474908,"207",1
"BP","GO:0050771","negative regulation of axonogenesis","1/10","34/18842",0.0294117647058824,55.4176470588235,7.3183244924964,0.0179032113802704,0.03101595171965,0.00589292206474908,"5728",1
"BP","GO:0051938","L-glutamate import","1/10","34/18842",0.0294117647058824,55.4176470588235,7.3183244924964,0.0179032113802704,0.03101595171965,0.00589292206474908,"7124",1
"BP","GO:0070884","regulation of calcineurin-NFAT signaling cascade","1/10","34/18842",0.0294117647058824,55.4176470588235,7.3183244924964,0.0179032113802704,0.03101595171965,0.00589292206474908,"7124",1
"BP","GO:1901186","positive regulation of ERBB signaling pathway","1/10","34/18842",0.0294117647058824,55.4176470588235,7.3183244924964,0.0179032113802704,0.03101595171965,0.00589292206474908,"4318",1
"BP","GO:0030522","intracellular receptor signaling pathway","2/10","399/18842",0.0050125313283208,9.44461152882206,3.92874727314249,0.0179881634103568,0.0311304588998942,0.00591467802745925,"207/7124",2
"BP","GO:0043254","regulation of protein-containing complex assembly","2/10","404/18842",0.00495049504950495,9.32772277227723,3.89909474612583,0.0184162693075335,0.0315891009120729,0.00600181840147772,"7157/7124",2
"BP","GO:0002360","T cell lineage commitment","1/10","35/18842",0.0285714285714286,53.8342857142857,7.20931251953264,0.0184253810892345,0.0315891009120729,0.00600181840147772,"3569",1
"BP","GO:0030224","monocyte differentiation","1/10","35/18842",0.0285714285714286,53.8342857142857,7.20931251953264,0.0184253810892345,0.0315891009120729,0.00600181840147772,"3553",1
"BP","GO:0030890","positive regulation of B cell proliferation","1/10","35/18842",0.0285714285714286,53.8342857142857,7.20931251953264,0.0184253810892345,0.0315891009120729,0.00600181840147772,"596",1
"BP","GO:0032350","regulation of hormone metabolic process","1/10","35/18842",0.0285714285714286,53.8342857142857,7.20931251953264,0.0184253810892345,0.0315891009120729,0.00600181840147772,"3091",1
"BP","GO:0032892","positive regulation of organic acid transport","1/10","35/18842",0.0285714285714286,53.8342857142857,7.20931251953264,0.0184253810892345,0.0315891009120729,0.00600181840147772,"3553",1
"BP","GO:0034616","response to laminar fluid shear stress","1/10","35/18842",0.0285714285714286,53.8342857142857,7.20931251953264,0.0184253810892345,0.0315891009120729,0.00600181840147772,"207",1
"BP","GO:0070873","regulation of glycogen metabolic process","1/10","35/18842",0.0285714285714286,53.8342857142857,7.20931251953264,0.0184253810892345,0.0315891009120729,0.00600181840147772,"207",1
"BP","GO:0106056","regulation of calcineurin-mediated signaling","1/10","35/18842",0.0285714285714286,53.8342857142857,7.20931251953264,0.0184253810892345,0.0315891009120729,0.00600181840147772,"7124",1
"BP","GO:0006023","aminoglycan biosynthetic process","1/10","36/18842",0.0277777777777778,52.3388888888889,7.10482281519214,0.0189473009163798,0.0321500450287184,0.00610839581660753,"3553",1
"BP","GO:0014075","response to amine","1/10","36/18842",0.0277777777777778,52.3388888888889,7.10482281519214,0.0189473009163798,0.0321500450287184,0.00610839581660753,"7124",1
"BP","GO:0042092","type 2 immune response","1/10","36/18842",0.0277777777777778,52.3388888888889,7.10482281519214,0.0189473009163798,0.0321500450287184,0.00610839581660753,"3569",1
"BP","GO:0042307","positive regulation of protein import into nucleus","1/10","36/18842",0.0277777777777778,52.3388888888889,7.10482281519214,0.0189473009163798,0.0321500450287184,0.00610839581660753,"207",1
"BP","GO:0043029","T cell homeostasis","1/10","36/18842",0.0277777777777778,52.3388888888889,7.10482281519214,0.0189473009163798,0.0321500450287184,0.00610839581660753,"207",1
"BP","GO:0043243","positive regulation of protein-containing complex disassembly","1/10","36/18842",0.0277777777777778,52.3388888888889,7.10482281519214,0.0189473009163798,0.0321500450287184,0.00610839581660753,"7124",1
"BP","GO:0071404","cellular response to low-density lipoprotein particle stimulus","1/10","36/18842",0.0277777777777778,52.3388888888889,7.10482281519214,0.0189473009163798,0.0321500450287184,0.00610839581660753,"207",1
"BP","GO:0098698","postsynaptic specialization assembly","1/10","36/18842",0.0277777777777778,52.3388888888889,7.10482281519214,0.0189473009163798,0.0321500450287184,0.00610839581660753,"5728",1
"BP","GO:1903580","positive regulation of ATP metabolic process","1/10","36/18842",0.0277777777777778,52.3388888888889,7.10482281519214,0.0189473009163798,0.0321500450287184,0.00610839581660753,"3091",1
"BP","GO:1904035","regulation of epithelial cell apoptotic process","1/10","36/18842",0.0277777777777778,52.3388888888889,7.10482281519214,0.0189473009163798,0.0321500450287184,0.00610839581660753,"3569",1
"BP","GO:0061564","axon development","2/10","414/18842",0.00483091787439614,9.1024154589372,3.84130975433297,0.0192856552006722,0.032690571597854,0.00621109396930759,"836/5728",2
"BP","GO:0010332","response to gamma radiation","1/10","37/18842",0.027027027027027,50.9243243243243,7.00454840825219,0.0194689709680032,0.0327992561920135,0.00623174366107942,"7157",1
"BP","GO:0031641","regulation of myelination","1/10","37/18842",0.027027027027027,50.9243243243243,7.00454840825219,0.0194689709680032,0.0327992561920135,0.00623174366107942,"7124",1
"BP","GO:0055094","response to lipoprotein particle","1/10","37/18842",0.027027027027027,50.9243243243243,7.00454840825219,0.0194689709680032,0.0327992561920135,0.00623174366107942,"207",1
"BP","GO:0060688","regulation of morphogenesis of a branching structure","1/10","37/18842",0.027027027027027,50.9243243243243,7.00454840825219,0.0194689709680032,0.0327992561920135,0.00623174366107942,"7124",1
"BP","GO:0060966","regulation of gene silencing by regulatory ncRNA","1/10","37/18842",0.027027027027027,50.9243243243243,7.00454840825219,0.0194689709680032,0.0327992561920135,0.00623174366107942,"3569",1
"BP","GO:0072595","maintenance of protein localization in organelle","1/10","37/18842",0.027027027027027,50.9243243243243,7.00454840825219,0.0194689709680032,0.0327992561920135,0.00623174366107942,"207",1
"BP","GO:0006739","NADP+ metabolic process","1/10","38/18842",0.0263157894736842,49.5842105263158,6.90821076437757,0.019990391350365,0.0333094114850017,0.0063286713778128,"7157",1
"BP","GO:0006766","vitamin metabolic process","1/10","38/18842",0.0263157894736842,49.5842105263158,6.90821076437757,0.019990391350365,0.0333094114850017,0.0063286713778128,"7124",1
"BP","GO:0030857","negative regulation of epithelial cell differentiation","1/10","38/18842",0.0263157894736842,49.5842105263158,6.90821076437757,0.019990391350365,0.0333094114850017,0.0063286713778128,"4318",1
"BP","GO:0032885","regulation of polysaccharide biosynthetic process","1/10","38/18842",0.0263157894736842,49.5842105263158,6.90821076437757,0.019990391350365,0.0333094114850017,0.0063286713778128,"207",1
"BP","GO:0035176","social behavior","1/10","38/18842",0.0263157894736842,49.5842105263158,6.90821076437757,0.019990391350365,0.0333094114850017,0.0063286713778128,"5728",1
"BP","GO:0045124","regulation of bone resorption","1/10","38/18842",0.0263157894736842,49.5842105263158,6.90821076437757,0.019990391350365,0.0333094114850017,0.0063286713778128,"3569",1
"BP","GO:0045745","positive regulation of G protein-coupled receptor signaling pathway","1/10","38/18842",0.0263157894736842,49.5842105263158,6.90821076437757,0.019990391350365,0.0333094114850017,0.0063286713778128,"3091",1
"BP","GO:0048534","hematopoietic or lymphoid organ development","1/10","38/18842",0.0263157894736842,49.5842105263158,6.90821076437757,0.019990391350365,0.0333094114850017,0.0063286713778128,"7157",1
"BP","GO:1900101","regulation of endoplasmic reticulum unfolded protein response","1/10","38/18842",0.0263157894736842,49.5842105263158,6.90821076437757,0.019990391350365,0.0333094114850017,0.0063286713778128,"207",1
"BP","GO:1900117","regulation of execution phase of apoptosis","1/10","38/18842",0.0263157894736842,49.5842105263158,6.90821076437757,0.019990391350365,0.0333094114850017,0.0063286713778128,"7157",1
"BP","GO:0006163","purine nucleotide metabolic process","2/10","422/18842",0.004739336492891,8.92985781990521,3.79647518205757,0.0199937170088653,0.0333094114850017,0.0063286713778128,"7157/3091",2
"BP","GO:0090066","regulation of anatomical structure size","2/10","423/18842",0.00472813238770686,8.90874704491726,3.79095471847007,0.0200830044650374,0.0334244358586459,0.00635052560545537,"7124/5728",2
"BP","GO:0002833","positive regulation of response to biotic stimulus","2/10","424/18842",0.00471698113207547,8.8877358490566,3.78545252764452,0.020172464630374,0.0335292961803466,0.00637044869887041,"207/7124",2
"BP","GO:0043434","response to peptide hormone","2/10","427/18842",0.00468384074941452,8.82529274004684,3.76905453356848,0.0204418796920182,0.0335292961803466,0.00637044869887041,"207/3553",2
"BP","GO:0140694","membraneless organelle assembly","2/10","427/18842",0.00468384074941452,8.82529274004684,3.76905453356848,0.0204418796920182,0.0335292961803466,0.00637044869887041,"7124/5728",2
"BP","GO:0010828","positive regulation of D-glucose transmembrane transport","1/10","39/18842",0.0256410256410256,48.3128205128205,6.81555648504209,0.0205115621696851,0.0335292961803466,0.00637044869887041,"207",1
"BP","GO:0032205","negative regulation of telomere maintenance","1/10","39/18842",0.0256410256410256,48.3128205128205,6.81555648504209,0.0205115621696851,0.0335292961803466,0.00637044869887041,"7157",1
"BP","GO:0032309","icosanoid secretion","1/10","39/18842",0.0256410256410256,48.3128205128205,6.81555648504209,0.0205115621696851,0.0335292961803466,0.00637044869887041,"3553",1
"BP","GO:0032733","positive regulation of interleukin-10 production","1/10","39/18842",0.0256410256410256,48.3128205128205,6.81555648504209,0.0205115621696851,0.0335292961803466,0.00637044869887041,"3569",1
"BP","GO:0034110","regulation of homotypic cell-cell adhesion","1/10","39/18842",0.0256410256410256,48.3128205128205,6.81555648504209,0.0205115621696851,0.0335292961803466,0.00637044869887041,"3569",1
"BP","GO:0035850","epithelial cell differentiation involved in kidney development","1/10","39/18842",0.0256410256410256,48.3128205128205,6.81555648504209,0.0205115621696851,0.0335292961803466,0.00637044869887041,"4318",1
"BP","GO:0044319","wound healing, spreading of cells","1/10","39/18842",0.0256410256410256,48.3128205128205,6.81555648504209,0.0205115621696851,0.0335292961803466,0.00637044869887041,"5728",1
"BP","GO:0045940","positive regulation of steroid metabolic process","1/10","39/18842",0.0256410256410256,48.3128205128205,6.81555648504209,0.0205115621696851,0.0335292961803466,0.00637044869887041,"7124",1
"BP","GO:0045981","positive regulation of nucleotide metabolic process","1/10","39/18842",0.0256410256410256,48.3128205128205,6.81555648504209,0.0205115621696851,0.0335292961803466,0.00637044869887041,"3091",1
"BP","GO:0046839","phospholipid dephosphorylation","1/10","39/18842",0.0256410256410256,48.3128205128205,6.81555648504209,0.0205115621696851,0.0335292961803466,0.00637044869887041,"5728",1
"BP","GO:0051101","regulation of DNA binding","1/10","39/18842",0.0256410256410256,48.3128205128205,6.81555648504209,0.0205115621696851,0.0335292961803466,0.00637044869887041,"4318",1
"BP","GO:0071604","transforming growth factor beta production","1/10","39/18842",0.0256410256410256,48.3128205128205,6.81555648504209,0.0205115621696851,0.0335292961803466,0.00637044869887041,"3091",1
"BP","GO:0090505","epiboly involved in wound healing","1/10","39/18842",0.0256410256410256,48.3128205128205,6.81555648504209,0.0205115621696851,0.0335292961803466,0.00637044869887041,"5728",1
"BP","GO:0140353","lipid export from cell","1/10","39/18842",0.0256410256410256,48.3128205128205,6.81555648504209,0.0205115621696851,0.0335292961803466,0.00637044869887041,"3553",1
"BP","GO:1900544","positive regulation of purine nucleotide metabolic process","1/10","39/18842",0.0256410256410256,48.3128205128205,6.81555648504209,0.0205115621696851,0.0335292961803466,0.00637044869887041,"3091",1
"BP","GO:0002443","leukocyte mediated immunity","2/10","429/18842",0.00466200466200466,8.78414918414918,3.75821197638896,0.0206223501835372,0.0336770525746982,0.00639852189566773,"3553/3569",2
"BP","GO:0072657","protein localization to membrane","2/10","432/18842",0.00462962962962963,8.72314814814815,3.74208025054244,0.0208943432257307,0.0338776881088482,0.00643664194359832,"207/7124",2
"BP","GO:0001953","negative regulation of cell-matrix adhesion","1/10","40/18842",0.025,47.105,6.72635446312823,0.0210324835321438,0.0338776881088482,0.00643664194359832,"5728",1
"BP","GO:0030279","negative regulation of ossification","1/10","40/18842",0.025,47.105,6.72635446312823,0.0210324835321438,0.0338776881088482,0.00643664194359832,"3091",1
"BP","GO:0030488","tRNA methylation","1/10","40/18842",0.025,47.105,6.72635446312823,0.0210324835321438,0.0338776881088482,0.00643664194359832,"207",1
"BP","GO:0032743","positive regulation of interleukin-2 production","1/10","40/18842",0.025,47.105,6.72635446312823,0.0210324835321438,0.0338776881088482,0.00643664194359832,"3553",1
"BP","GO:0043368","positive T cell selection","1/10","40/18842",0.025,47.105,6.72635446312823,0.0210324835321438,0.0338776881088482,0.00643664194359832,"3569",1
"BP","GO:0046627","negative regulation of insulin receptor signaling pathway","1/10","40/18842",0.025,47.105,6.72635446312823,0.0210324835321438,0.0338776881088482,0.00643664194359832,"3553",1
"BP","GO:0060074","synapse maturation","1/10","40/18842",0.025,47.105,6.72635446312823,0.0210324835321438,0.0338776881088482,0.00643664194359832,"5728",1
"BP","GO:0070228","regulation of lymphocyte apoptotic process","1/10","40/18842",0.025,47.105,6.72635446312823,0.0210324835321438,0.0338776881088482,0.00643664194359832,"7157",1
"BP","GO:0090504","epiboly","1/10","40/18842",0.025,47.105,6.72635446312823,0.0210324835321438,0.0338776881088482,0.00643664194359832,"5728",1
"BP","GO:0097242","amyloid-beta clearance","1/10","40/18842",0.025,47.105,6.72635446312823,0.0210324835321438,0.0338776881088482,0.00643664194359832,"7124",1
"BP","GO:1900744","regulation of p38MAPK cascade","1/10","40/18842",0.025,47.105,6.72635446312823,0.0210324835321438,0.0338776881088482,0.00643664194359832,"3553",1
"BP","GO:1901797","negative regulation of signal transduction by p53 class mediator","1/10","40/18842",0.025,47.105,6.72635446312823,0.0210324835321438,0.0338776881088482,0.00643664194359832,"596",1
"BP","GO:1904706","negative regulation of vascular associated smooth muscle cell proliferation","1/10","40/18842",0.025,47.105,6.72635446312823,0.0210324835321438,0.0338776881088482,0.00643664194359832,"5728",1
"BP","GO:0031295","T cell costimulation","1/10","41/18842",0.024390243902439,45.9560975609756,6.64039342236324,0.0215531555438807,0.0345143160067382,0.00655759901176829,"207",1
"BP","GO:0045776","negative regulation of blood pressure","1/10","41/18842",0.024390243902439,45.9560975609756,6.64039342236324,0.0215531555438807,0.0345143160067382,0.00655759901176829,"7124",1
"BP","GO:0051099","positive regulation of binding","1/10","41/18842",0.024390243902439,45.9560975609756,6.64039342236324,0.0215531555438807,0.0345143160067382,0.00655759901176829,"4318",1
"BP","GO:0051703","biological process involved in intraspecies interaction between organisms","1/10","41/18842",0.024390243902439,45.9560975609756,6.64039342236324,0.0215531555438807,0.0345143160067382,0.00655759901176829,"5728",1
"BP","GO:1900077","negative regulation of cellular response to insulin stimulus","1/10","41/18842",0.024390243902439,45.9560975609756,6.64039342236324,0.0215531555438807,0.0345143160067382,0.00655759901176829,"3553",1
"BP","GO:2000378","negative regulation of reactive oxygen species metabolic process","1/10","41/18842",0.024390243902439,45.9560975609756,6.64039342236324,0.0215531555438807,0.0345143160067382,0.00655759901176829,"3091",1
"BP","GO:0006417","regulation of translation","2/10","443/18842",0.00451467268623025,8.50654627539503,3.68424643258454,0.0219047983598194,0.0349410141816456,0.00663867016872097,"207/3569",2
"BP","GO:0008038","neuron recognition","1/10","42/18842",0.0238095238095238,44.8619047619048,6.55747978083589,0.0220735783109972,0.0349410141816456,0.00663867016872097,"836",1
"BP","GO:0031294","lymphocyte costimulation","1/10","42/18842",0.0238095238095238,44.8619047619048,6.55747978083589,0.0220735783109972,0.0349410141816456,0.00663867016872097,"207",1
"BP","GO:0032881","regulation of polysaccharide metabolic process","1/10","42/18842",0.0238095238095238,44.8619047619048,6.55747978083589,0.0220735783109972,0.0349410141816456,0.00663867016872097,"207",1
"BP","GO:0032965","regulation of collagen biosynthetic process","1/10","42/18842",0.0238095238095238,44.8619047619048,6.55747978083589,0.0220735783109972,0.0349410141816456,0.00663867016872097,"3569",1
"BP","GO:0033173","calcineurin-NFAT signaling cascade","1/10","42/18842",0.0238095238095238,44.8619047619048,6.55747978083589,0.0220735783109972,0.0349410141816456,0.00663867016872097,"7124",1
"BP","GO:0042119","neutrophil activation","1/10","42/18842",0.0238095238095238,44.8619047619048,6.55747978083589,0.0220735783109972,0.0349410141816456,0.00663867016872097,"7124",1
"BP","GO:0045923","positive regulation of fatty acid metabolic process","1/10","42/18842",0.0238095238095238,44.8619047619048,6.55747978083589,0.0220735783109972,0.0349410141816456,0.00663867016872097,"3553",1
"BP","GO:0050691","regulation of defense response to virus by host","1/10","42/18842",0.0238095238095238,44.8619047619048,6.55747978083589,0.0220735783109972,0.0349410141816456,0.00663867016872097,"3553",1
"BP","GO:0070269","pyroptotic inflammatory response","1/10","42/18842",0.0238095238095238,44.8619047619048,6.55747978083589,0.0220735783109972,0.0349410141816456,0.00663867016872097,"836",1
"BP","GO:1904861","excitatory synapse assembly","1/10","42/18842",0.0238095238095238,44.8619047619048,6.55747978083589,0.0220735783109972,0.0349410141816456,0.00663867016872097,"5728",1
"BP","GO:2001238","positive regulation of extrinsic apoptotic signaling pathway","1/10","42/18842",0.0238095238095238,44.8619047619048,6.55747978083589,0.0220735783109972,0.0349410141816456,0.00663867016872097,"7124",1
"BP","GO:0006869","lipid transport","2/10","447/18842",0.00447427293064877,8.43042505592841,3.66371156760865,0.0222773287582283,0.0352297603255124,0.00669353092352494,"207/3553",2
"BP","GO:0010761","fibroblast migration","1/10","43/18842",0.0232558139534884,43.8186046511628,6.4774357893219,0.0225937519395555,0.0355937828742425,0.00676269393128519,"207",1
"BP","GO:0030574","collagen catabolic process","1/10","43/18842",0.0232558139534884,43.8186046511628,6.4774357893219,0.0225937519395555,0.0355937828742425,0.00676269393128519,"4318",1
"BP","GO:0043457","regulation of cellular respiration","1/10","43/18842",0.0232558139534884,43.8186046511628,6.4774357893219,0.0225937519395555,0.0355937828742425,0.00676269393128519,"7124",1
"BP","GO:0060416","response to growth hormone","1/10","43/18842",0.0232558139534884,43.8186046511628,6.4774357893219,0.0225937519395555,0.0355937828742425,0.00676269393128519,"207",1
"BP","GO:0002920","regulation of humoral immune response","1/10","44/18842",0.0227272727272727,42.8227272727273,6.40009790359283,0.0231136765355768,0.0360346364119333,0.00684645455752885,"3553",1
"BP","GO:0005978","glycogen biosynthetic process","1/10","44/18842",0.0227272727272727,42.8227272727273,6.40009790359283,0.0231136765355768,0.0360346364119333,0.00684645455752885,"207",1
"BP","GO:0009250","glucan biosynthetic process","1/10","44/18842",0.0227272727272727,42.8227272727273,6.40009790359283,0.0231136765355768,0.0360346364119333,0.00684645455752885,"207",1
"BP","GO:0010907","positive regulation of glucose metabolic process","1/10","44/18842",0.0227272727272727,42.8227272727273,6.40009790359283,0.0231136765355768,0.0360346364119333,0.00684645455752885,"207",1
"BP","GO:0035987","endodermal cell differentiation","1/10","44/18842",0.0227272727272727,42.8227272727273,6.40009790359283,0.0231136765355768,0.0360346364119333,0.00684645455752885,"4318",1
"BP","GO:0045646","regulation of erythrocyte differentiation","1/10","44/18842",0.0227272727272727,42.8227272727273,6.40009790359283,0.0231136765355768,0.0360346364119333,0.00684645455752885,"3091",1
"BP","GO:0061005","cell differentiation involved in kidney development","1/10","44/18842",0.0227272727272727,42.8227272727273,6.40009790359283,0.0231136765355768,0.0360346364119333,0.00684645455752885,"4318",1
"BP","GO:0062098","regulation of programmed necrotic cell death","1/10","44/18842",0.0227272727272727,42.8227272727273,6.40009790359283,0.0231136765355768,0.0360346364119333,0.00684645455752885,"7157",1
"BP","GO:0071402","cellular response to lipoprotein particle stimulus","1/10","44/18842",0.0227272727272727,42.8227272727273,6.40009790359283,0.0231136765355768,0.0360346364119333,0.00684645455752885,"207",1
"BP","GO:0071498","cellular response to fluid shear stress","1/10","44/18842",0.0227272727272727,42.8227272727273,6.40009790359283,0.0231136765355768,0.0360346364119333,0.00684645455752885,"207",1
"BP","GO:2000573","positive regulation of DNA biosynthetic process","1/10","44/18842",0.0227272727272727,42.8227272727273,6.40009790359283,0.0231136765355768,0.0360346364119333,0.00684645455752885,"7124",1
"BP","GO:0031667","response to nutrient levels","2/10","461/18842",0.00433839479392625,8.17440347071584,3.59381273967222,0.0236023691286822,0.0366028747565921,0.00695441785040291,"7157/7124",2
"BP","GO:0032210","regulation of telomere maintenance via telomerase","1/10","45/18842",0.0222222222222222,41.8711111111111,6.32531535672551,0.0236333522050437,0.0366028747565921,0.00695441785040291,"7157",1
"BP","GO:0035196","miRNA processing","1/10","45/18842",0.0222222222222222,41.8711111111111,6.32531535672551,0.0236333522050437,0.0366028747565921,0.00695441785040291,"3569",1
"BP","GO:0042311","vasodilation","1/10","45/18842",0.0222222222222222,41.8711111111111,6.32531535672551,0.0236333522050437,0.0366028747565921,0.00695441785040291,"7124",1
"BP","GO:0046850","regulation of bone remodeling","1/10","45/18842",0.0222222222222222,41.8711111111111,6.32531535672551,0.0236333522050437,0.0366028747565921,0.00695441785040291,"3569",1
"BP","GO:0071354","cellular response to interleukin-6","1/10","45/18842",0.0222222222222222,41.8711111111111,6.32531535672551,0.0236333522050437,0.0366028747565921,0.00695441785040291,"3569",1
"BP","GO:0071364","cellular response to epidermal growth factor stimulus","1/10","45/18842",0.0222222222222222,41.8711111111111,6.32531535672551,0.0236333522050437,0.0366028747565921,0.00695441785040291,"207",1
"BP","GO:0007566","embryo implantation","1/10","46/18842",0.0217391304347826,40.9608695652174,6.25294890299977,0.0241527790539003,0.0372327154229594,0.007074085368384,"3553",1
"BP","GO:0070266","necroptotic process","1/10","46/18842",0.0217391304347826,40.9608695652174,6.25294890299977,0.0241527790539003,0.0372327154229594,0.007074085368384,"7124",1
"BP","GO:0099054","presynapse assembly","1/10","46/18842",0.0217391304347826,40.9608695652174,6.25294890299977,0.0241527790539003,0.0372327154229594,0.007074085368384,"5728",1
"BP","GO:1904019","epithelial cell apoptotic process","1/10","46/18842",0.0217391304347826,40.9608695652174,6.25294890299977,0.0241527790539003,0.0372327154229594,0.007074085368384,"3569",1
"BP","GO:1904646","cellular response to amyloid-beta","1/10","46/18842",0.0217391304347826,40.9608695652174,6.25294890299977,0.0241527790539003,0.0372327154229594,0.007074085368384,"7124",1
"BP","GO:0010712","regulation of collagen metabolic process","1/10","47/18842",0.0212765957446809,40.0893617021277,6.18286970953047,0.024671957188049,0.03757693848475,0.00713948654305556,"3569",1
"BP","GO:0032507","maintenance of protein location in cell","1/10","47/18842",0.0212765957446809,40.0893617021277,6.18286970953047,0.024671957188049,0.03757693848475,0.00713948654305556,"207",1
"BP","GO:0032620","interleukin-17 production","1/10","47/18842",0.0212765957446809,40.0893617021277,6.18286970953047,0.024671957188049,0.03757693848475,0.00713948654305556,"3569",1
"BP","GO:0032660","regulation of interleukin-17 production","1/10","47/18842",0.0212765957446809,40.0893617021277,6.18286970953047,0.024671957188049,0.03757693848475,0.00713948654305556,"3569",1
"BP","GO:0032691","negative regulation of interleukin-1 beta production","1/10","47/18842",0.0212765957446809,40.0893617021277,6.18286970953047,0.024671957188049,0.03757693848475,0.00713948654305556,"3553",1
"BP","GO:0042149","cellular response to glucose starvation","1/10","47/18842",0.0212765957446809,40.0893617021277,6.18286970953047,0.024671957188049,0.03757693848475,0.00713948654305556,"7157",1
"BP","GO:0045185","maintenance of protein location","1/10","47/18842",0.0212765957446809,40.0893617021277,6.18286970953047,0.024671957188049,0.03757693848475,0.00713948654305556,"207",1
"BP","GO:0045922","negative regulation of fatty acid metabolic process","1/10","47/18842",0.0212765957446809,40.0893617021277,6.18286970953047,0.024671957188049,0.03757693848475,0.00713948654305556,"207",1
"BP","GO:0046427","positive regulation of receptor signaling pathway via JAK-STAT","1/10","47/18842",0.0212765957446809,40.0893617021277,6.18286970953047,0.024671957188049,0.03757693848475,0.00713948654305556,"3569",1
"BP","GO:0048008","platelet-derived growth factor receptor signaling pathway","1/10","47/18842",0.0212765957446809,40.0893617021277,6.18286970953047,0.024671957188049,0.03757693848475,0.00713948654305556,"3553",1
"BP","GO:0048009","insulin-like growth factor receptor signaling pathway","1/10","47/18842",0.0212765957446809,40.0893617021277,6.18286970953047,0.024671957188049,0.03757693848475,0.00713948654305556,"207",1
"BP","GO:0120033","negative regulation of plasma membrane bounded cell projection assembly","1/10","47/18842",0.0212765957446809,40.0893617021277,6.18286970953047,0.024671957188049,0.03757693848475,0.00713948654305556,"207",1
"BP","GO:1990090","cellular response to nerve growth factor stimulus","1/10","47/18842",0.0212765957446809,40.0893617021277,6.18286970953047,0.024671957188049,0.03757693848475,0.00713948654305556,"207",1
"BP","GO:0044089","positive regulation of cellular component biogenesis","2/10","475/18842",0.00421052631578947,7.93347368421053,3.52681204530365,0.0249600159040092,0.0379806324954094,0.00721618698946859,"7157/7124",2
"BP","GO:0003012","muscle system process","2/10","477/18842",0.00419287211740042,7.90020964360587,3.51746480748238,0.0251566008106366,0.0380513759961095,0.00722962800652914,"7124/3553",2
"BP","GO:0006110","regulation of glycolytic process","1/10","48/18842",0.0208333333333333,39.2541666666667,6.11495837552628,0.0251908867133541,0.0380513759961095,0.00722962800652914,"3091",1
"BP","GO:0006693","prostaglandin metabolic process","1/10","48/18842",0.0208333333333333,39.2541666666667,6.11495837552628,0.0251908867133541,0.0380513759961095,0.00722962800652914,"3553",1
"BP","GO:0030811","regulation of nucleotide catabolic process","1/10","48/18842",0.0208333333333333,39.2541666666667,6.11495837552628,0.0251908867133541,0.0380513759961095,0.00722962800652914,"3091",1
"BP","GO:0033121","regulation of purine nucleotide catabolic process","1/10","48/18842",0.0208333333333333,39.2541666666667,6.11495837552628,0.0251908867133541,0.0380513759961095,0.00722962800652914,"3091",1
"BP","GO:0042698","ovulation cycle","1/10","48/18842",0.0208333333333333,39.2541666666667,6.11495837552628,0.0251908867133541,0.0380513759961095,0.00722962800652914,"836",1
"BP","GO:0045071","negative regulation of viral genome replication","1/10","48/18842",0.0208333333333333,39.2541666666667,6.11495837552628,0.0251908867133541,0.0380513759961095,0.00722962800652914,"7124",1
"BP","GO:0097106","postsynaptic density organization","1/10","48/18842",0.0208333333333333,39.2541666666667,6.11495837552628,0.0251908867133541,0.0380513759961095,0.00722962800652914,"5728",1
"BP","GO:0009117","nucleotide metabolic process","2/10","478/18842",0.00418410041841004,7.8836820083682,3.51281159965905,0.0252551389346523,0.0381135597633555,0.00724144270424938,"7157/3091",2
"BP","GO:0045088","regulation of innate immune response","2/10","482/18842",0.004149377593361,7.81825726141079,3.49433321524362,0.0256509254180045,0.0383783872798773,0.00729175900373198,"207/7124",2
"BP","GO:0002686","negative regulation of leukocyte migration","1/10","49/18842",0.0204081632653061,38.4530612244898,6.04910406216093,0.0257095677356416,0.0383783872798773,0.00729175900373198,"207",1
"BP","GO:0009299","mRNA transcription","1/10","49/18842",0.0204081632653061,38.4530612244898,6.04910406216093,0.0257095677356416,0.0383783872798773,0.00729175900373198,"7157",1
"BP","GO:0045453","bone resorption","1/10","49/18842",0.0204081632653061,38.4530612244898,6.04910406216093,0.0257095677356416,0.0383783872798773,0.00729175900373198,"3569",1
"BP","GO:0050982","detection of mechanical stimulus","1/10","49/18842",0.0204081632653061,38.4530612244898,6.04910406216093,0.0257095677356416,0.0383783872798773,0.00729175900373198,"7124",1
"BP","GO:0060986","endocrine hormone secretion","1/10","49/18842",0.0204081632653061,38.4530612244898,6.04910406216093,0.0257095677356416,0.0383783872798773,0.00729175900373198,"3553",1
"BP","GO:0070741","response to interleukin-6","1/10","49/18842",0.0204081632653061,38.4530612244898,6.04910406216093,0.0257095677356416,0.0383783872798773,0.00729175900373198,"3569",1
"BP","GO:0070849","response to epidermal growth factor","1/10","49/18842",0.0204081632653061,38.4530612244898,6.04910406216093,0.0257095677356416,0.0383783872798773,0.00729175900373198,"207",1
"BP","GO:0097720","calcineurin-mediated signaling","1/10","49/18842",0.0204081632653061,38.4530612244898,6.04910406216093,0.0257095677356416,0.0383783872798773,0.00729175900373198,"7124",1
"BP","GO:0098815","modulation of excitatory postsynaptic potential","1/10","49/18842",0.0204081632653061,38.4530612244898,6.04910406216093,0.0257095677356416,0.0383783872798773,0.00729175900373198,"5728",1
"BP","GO:1902116","negative regulation of organelle assembly","1/10","49/18842",0.0204081632653061,38.4530612244898,6.04910406216093,0.0257095677356416,0.0383783872798773,0.00729175900373198,"207",1
"BP","GO:1903426","regulation of reactive oxygen species biosynthetic process","1/10","49/18842",0.0204081632653061,38.4530612244898,6.04910406216093,0.0257095677356416,0.0383783872798773,0.00729175900373198,"3091",1
"BP","GO:0006692","prostanoid metabolic process","1/10","50/18842",0.02,37.684,5.98520371860749,0.0262280003606958,0.0388711208218212,0.00738537664885889,"3553",1
"BP","GO:0036230","granulocyte activation","1/10","50/18842",0.02,37.684,5.98520371860749,0.0262280003606958,0.0388711208218212,0.00738537664885889,"7124",1
"BP","GO:0051646","mitochondrion localization","1/10","50/18842",0.02,37.684,5.98520371860749,0.0262280003606958,0.0388711208218212,0.00738537664885889,"3091",1
"BP","GO:0061462","protein localization to lysosome","1/10","50/18842",0.02,37.684,5.98520371860749,0.0262280003606958,0.0388711208218212,0.00738537664885889,"207",1
"BP","GO:0089718","amino acid import across plasma membrane","1/10","50/18842",0.02,37.684,5.98520371860749,0.0262280003606958,0.0388711208218212,0.00738537664885889,"7124",1
"BP","GO:1903573","negative regulation of response to endoplasmic reticulum stress","1/10","50/18842",0.02,37.684,5.98520371860749,0.0262280003606958,0.0388711208218212,0.00738537664885889,"207",1
"BP","GO:1905330","regulation of morphogenesis of an epithelium","1/10","50/18842",0.02,37.684,5.98520371860749,0.0262280003606958,0.0388711208218212,0.00738537664885889,"7124",1
"BP","GO:1990089","response to nerve growth factor","1/10","50/18842",0.02,37.684,5.98520371860749,0.0262280003606958,0.0388711208218212,0.00738537664885889,"207",1
"BP","GO:0001706","endoderm formation","1/10","51/18842",0.0196078431372549,36.9450980392157,5.92316139192152,0.0267461846942629,0.0391818553063248,0.00744441511127853,"4318",1
"BP","GO:0002011","morphogenesis of an epithelial sheet","1/10","51/18842",0.0196078431372549,36.9450980392157,5.92316139192152,0.0267461846942629,0.0391818553063248,0.00744441511127853,"5728",1
"BP","GO:0003009","skeletal muscle contraction","1/10","51/18842",0.0196078431372549,36.9450980392157,5.92316139192152,0.0267461846942629,0.0391818553063248,0.00744441511127853,"7124",1
"BP","GO:0003254","regulation of membrane depolarization","1/10","51/18842",0.0196078431372549,36.9450980392157,5.92316139192152,0.0267461846942629,0.0391818553063248,0.00744441511127853,"596",1
"BP","GO:0030225","macrophage differentiation","1/10","51/18842",0.0196078431372549,36.9450980392157,5.92316139192152,0.0267461846942629,0.0391818553063248,0.00744441511127853,"4318",1
"BP","GO:0032369","negative regulation of lipid transport","1/10","51/18842",0.0196078431372549,36.9450980392157,5.92316139192152,0.0267461846942629,0.0391818553063248,0.00744441511127853,"207",1
"BP","GO:0045685","regulation of glial cell differentiation","1/10","51/18842",0.0196078431372549,36.9450980392157,5.92316139192152,0.0267461846942629,0.0391818553063248,0.00744441511127853,"3569",1
"BP","GO:0046902","regulation of mitochondrial membrane permeability","1/10","51/18842",0.0196078431372549,36.9450980392157,5.92316139192152,0.0267461846942629,0.0391818553063248,0.00744441511127853,"596",1
"BP","GO:0048013","ephrin receptor signaling pathway","1/10","51/18842",0.0196078431372549,36.9450980392157,5.92316139192152,0.0267461846942629,0.0391818553063248,0.00744441511127853,"4318",1
"BP","GO:0050850","positive regulation of calcium-mediated signaling","1/10","51/18842",0.0196078431372549,36.9450980392157,5.92316139192152,0.0267461846942629,0.0391818553063248,0.00744441511127853,"7124",1
"BP","GO:1900087","positive regulation of G1/S transition of mitotic cell cycle","1/10","51/18842",0.0196078431372549,36.9450980392157,5.92316139192152,0.0267461846942629,0.0391818553063248,0.00744441511127853,"207",1
"BP","GO:1903350","response to dopamine","1/10","51/18842",0.0196078431372549,36.9450980392157,5.92316139192152,0.0267461846942629,0.0391818553063248,0.00744441511127853,"207",1
"BP","GO:1903351","cellular response to dopamine","1/10","51/18842",0.0196078431372549,36.9450980392157,5.92316139192152,0.0267461846942629,0.0391818553063248,0.00744441511127853,"207",1
"BP","GO:0002251","organ or tissue specific immune response","1/10","52/18842",0.0192307692307692,36.2346153846154,5.86288761024336,0.0272641208420495,0.0398345694780742,0.00756842851507291,"3569",1
"BP","GO:0002260","lymphocyte homeostasis","1/10","52/18842",0.0192307692307692,36.2346153846154,5.86288761024336,0.0272641208420495,0.0398345694780742,0.00756842851507291,"207",1
"BP","GO:0042306","regulation of protein import into nucleus","1/10","52/18842",0.0192307692307692,36.2346153846154,5.86288761024336,0.0272641208420495,0.0398345694780742,0.00756842851507291,"207",1
"BP","GO:0006636","unsaturated fatty acid biosynthetic process","1/10","53/18842",0.0188679245283019,35.5509433962264,5.80429883028679,0.0277818089097224,0.0403765550263659,0.0076714038686965,"3553",1
"BP","GO:0070050","neuron cellular homeostasis","1/10","53/18842",0.0188679245283019,35.5509433962264,5.80429883028679,0.0277818089097224,0.0403765550263659,0.0076714038686965,"3569",1
"BP","GO:0070830","bicellular tight junction assembly","1/10","53/18842",0.0188679245283019,35.5509433962264,5.80429883028679,0.0277818089097224,0.0403765550263659,0.0076714038686965,"7124",1
"BP","GO:0071470","cellular response to osmotic stress","1/10","53/18842",0.0188679245283019,35.5509433962264,5.80429883028679,0.0277818089097224,0.0403765550263659,0.0076714038686965,"836",1
"BP","GO:0140467","integrated stress response signaling","1/10","53/18842",0.0188679245283019,35.5509433962264,5.80429883028679,0.0277818089097224,0.0403765550263659,0.0076714038686965,"207",1
"BP","GO:0140894","endolysosomal toll-like receptor signaling pathway","1/10","53/18842",0.0188679245283019,35.5509433962264,5.80429883028679,0.0277818089097224,0.0403765550263659,0.0076714038686965,"7124",1
"BP","GO:0006611","protein export from nucleus","1/10","54/18842",0.0185185185185185,34.8925925925926,5.74731694134172,0.0282992490029106,0.0408052926670789,0.00775286251700056,"3553",1
"BP","GO:0010543","regulation of platelet activation","1/10","54/18842",0.0185185185185185,34.8925925925926,5.74731694134172,0.0282992490029106,0.0408052926670789,0.00775286251700056,"3569",1
"BP","GO:0021954","central nervous system neuron development","1/10","54/18842",0.0185185185185185,34.8925925925926,5.74731694134172,0.0282992490029106,0.0408052926670789,0.00775286251700056,"5728",1
"BP","GO:0050731","positive regulation of peptidyl-tyrosine phosphorylation","1/10","54/18842",0.0185185185185185,34.8925925925926,5.74731694134172,0.0282992490029106,0.0408052926670789,0.00775286251700056,"3569",1
"BP","GO:0072539","T-helper 17 cell differentiation","1/10","54/18842",0.0185185185185185,34.8925925925926,5.74731694134172,0.0282992490029106,0.0408052926670789,0.00775286251700056,"3569",1
"BP","GO:1903317","regulation of protein maturation","1/10","54/18842",0.0185185185185185,34.8925925925926,5.74731694134172,0.0282992490029106,0.0408052926670789,0.00775286251700056,"207",1
"BP","GO:1904356","regulation of telomere maintenance via telomere lengthening","1/10","54/18842",0.0185185185185185,34.8925925925926,5.74731694134172,0.0282992490029106,0.0408052926670789,0.00775286251700056,"7157",1
"BP","GO:1904894","positive regulation of receptor signaling pathway via STAT","1/10","54/18842",0.0185185185185185,34.8925925925926,5.74731694134172,0.0282992490029106,0.0408052926670789,0.00775286251700056,"3569",1
"BP","GO:2001244","positive regulation of intrinsic apoptotic signaling pathway","1/10","54/18842",0.0185185185185185,34.8925925925926,5.74731694134172,0.0282992490029106,0.0408052926670789,0.00775286251700056,"7157",1
"BP","GO:0002548","monocyte chemotaxis","1/10","55/18842",0.0181818181818182,34.2581818181818,5.69186881908282,0.0288164412272011,0.0413344434979226,0.00785339931931585,"3569",1
"BP","GO:0032964","collagen biosynthetic process","1/10","55/18842",0.0181818181818182,34.2581818181818,5.69186881908282,0.0288164412272011,0.0413344434979226,0.00785339931931585,"3569",1
"BP","GO:0038066","p38MAPK cascade","1/10","55/18842",0.0181818181818182,34.2581818181818,5.69186881908282,0.0288164412272011,0.0413344434979226,0.00785339931931585,"3553",1
"BP","GO:0050881","musculoskeletal movement","1/10","55/18842",0.0181818181818182,34.2581818181818,5.69186881908282,0.0288164412272011,0.0413344434979226,0.00785339931931585,"7124",1
"BP","GO:0051452","intracellular pH reduction","1/10","55/18842",0.0181818181818182,34.2581818181818,5.69186881908282,0.0288164412272011,0.0413344434979226,0.00785339931931585,"596",1
"BP","GO:1904263","positive regulation of TORC1 signaling","1/10","55/18842",0.0181818181818182,34.2581818181818,5.69186881908282,0.0288164412272011,0.0413344434979226,0.00785339931931585,"207",1
"BP","GO:0002763","positive regulation of myeloid leukocyte differentiation","1/10","56/18842",0.0178571428571429,33.6464285714286,5.63788592337865,0.0293333856881435,0.0416776417995911,0.00791860579315767,"7124",1
"BP","GO:0010719","negative regulation of epithelial to mesenchymal transition","1/10","56/18842",0.0178571428571429,33.6464285714286,5.63788592337865,0.0293333856881435,0.0416776417995911,0.00791860579315767,"5728",1
"BP","GO:0032692","negative regulation of interleukin-1 production","1/10","56/18842",0.0178571428571429,33.6464285714286,5.63788592337865,0.0293333856881435,0.0416776417995911,0.00791860579315767,"3553",1
"BP","GO:0033077","T cell differentiation in thymus","1/10","56/18842",0.0178571428571429,33.6464285714286,5.63788592337865,0.0293333856881435,0.0416776417995911,0.00791860579315767,"3553",1
"BP","GO:0034405","response to fluid shear stress","1/10","56/18842",0.0178571428571429,33.6464285714286,5.63788592337865,0.0293333856881435,0.0416776417995911,0.00791860579315767,"207",1
"BP","GO:0050879","multicellular organismal movement","1/10","56/18842",0.0178571428571429,33.6464285714286,5.63788592337865,0.0293333856881435,0.0416776417995911,0.00791860579315767,"7124",1
"BP","GO:0051235","maintenance of location","1/10","56/18842",0.0178571428571429,33.6464285714286,5.63788592337865,0.0293333856881435,0.0416776417995911,0.00791860579315767,"207",1
"BP","GO:0051651","maintenance of location in cell","1/10","56/18842",0.0178571428571429,33.6464285714286,5.63788592337865,0.0293333856881435,0.0416776417995911,0.00791860579315767,"207",1
"BP","GO:0071715","icosanoid transport","1/10","56/18842",0.0178571428571429,33.6464285714286,5.63788592337865,0.0293333856881435,0.0416776417995911,0.00791860579315767,"3553",1
"BP","GO:0071870","cellular response to catecholamine stimulus","1/10","56/18842",0.0178571428571429,33.6464285714286,5.63788592337865,0.0293333856881435,0.0416776417995911,0.00791860579315767,"207",1
"BP","GO:0099172","presynapse organization","1/10","56/18842",0.0178571428571429,33.6464285714286,5.63788592337865,0.0293333856881435,0.0416776417995911,0.00791860579315767,"5728",1
"BP","GO:0000271","polysaccharide biosynthetic process","1/10","57/18842",0.0175438596491228,33.0561403508772,5.58530393506286,0.029850082491248,0.0421939094118582,0.00801669482912031,"207",1
"BP","GO:0007492","endoderm development","1/10","57/18842",0.0175438596491228,33.0561403508772,5.58530393506286,0.029850082491248,0.0421939094118582,0.00801669482912031,"4318",1
"BP","GO:0043030","regulation of macrophage activation","1/10","57/18842",0.0175438596491228,33.0561403508772,5.58530393506286,0.029850082491248,0.0421939094118582,0.00801669482912031,"3569",1
"BP","GO:0046888","negative regulation of hormone secretion","1/10","57/18842",0.0175438596491228,33.0561403508772,5.58530393506286,0.029850082491248,0.0421939094118582,0.00801669482912031,"3553",1
"BP","GO:0071869","response to catecholamine","1/10","57/18842",0.0175438596491228,33.0561403508772,5.58530393506286,0.029850082491248,0.0421939094118582,0.00801669482912031,"207",1
"BP","GO:0099084","postsynaptic specialization organization","1/10","57/18842",0.0175438596491228,33.0561403508772,5.58530393506286,0.029850082491248,0.0421939094118582,0.00801669482912031,"5728",1
"BP","GO:0001961","positive regulation of cytokine-mediated signaling pathway","1/10","58/18842",0.0172413793103448,32.4862068965517,5.53406242728315,0.0303665317419849,0.0427774265409702,0.00812756103746318,"3091",1
"BP","GO:0008585","female gonad development","1/10","58/18842",0.0172413793103448,32.4862068965517,5.53406242728315,0.0303665317419849,0.0427774265409702,0.00812756103746318,"836",1
"BP","GO:0030888","regulation of B cell proliferation","1/10","58/18842",0.0172413793103448,32.4862068965517,5.53406242728315,0.0303665317419849,0.0427774265409702,0.00812756103746318,"596",1
"BP","GO:0071868","cellular response to monoamine stimulus","1/10","58/18842",0.0172413793103448,32.4862068965517,5.53406242728315,0.0303665317419849,0.0427774265409702,0.00812756103746318,"207",1
"BP","GO:0042304","regulation of fatty acid biosynthetic process","1/10","59/18842",0.0169491525423729,31.935593220339,5.48410456760347,0.0308827335457845,0.0432830162004162,0.00822362129983361,"3553",1
"BP","GO:0045600","positive regulation of fat cell differentiation","1/10","59/18842",0.0169491525423729,31.935593220339,5.48410456760347,0.0308827335457845,0.0432830162004162,0.00822362129983361,"207",1
"BP","GO:0045815","transcription initiation-coupled chromatin remodeling","1/10","59/18842",0.0169491525423729,31.935593220339,5.48410456760347,0.0308827335457845,0.0432830162004162,0.00822362129983361,"7157",1
"BP","GO:0060997","dendritic spine morphogenesis","1/10","59/18842",0.0169491525423729,31.935593220339,5.48410456760347,0.0308827335457845,0.0432830162004162,0.00822362129983361,"5728",1
"BP","GO:0071867","response to monoamine","1/10","59/18842",0.0169491525423729,31.935593220339,5.48410456760347,0.0308827335457845,0.0432830162004162,0.00822362129983361,"207",1
"BP","GO:1903409","reactive oxygen species biosynthetic process","1/10","59/18842",0.0169491525423729,31.935593220339,5.48410456760347,0.0308827335457845,0.0432830162004162,0.00822362129983361,"3091",1
"BP","GO:0007004","telomere maintenance via telomerase","1/10","60/18842",0.0166666666666667,31.4033333333333,5.43537684751493,0.0313986880080401,0.0436357187721164,0.00829063355165334,"7157",1
"BP","GO:0032613","interleukin-10 production","1/10","60/18842",0.0166666666666667,31.4033333333333,5.43537684751493,0.0313986880080401,0.0436357187721164,0.00829063355165334,"3569",1
"BP","GO:0032653","regulation of interleukin-10 production","1/10","60/18842",0.0166666666666667,31.4033333333333,5.43537684751493,0.0313986880080401,0.0436357187721164,0.00829063355165334,"3569",1
"BP","GO:0032715","negative regulation of interleukin-6 production","1/10","60/18842",0.0166666666666667,31.4033333333333,5.43537684751493,0.0313986880080401,0.0436357187721164,0.00829063355165334,"7124",1
"BP","GO:0045670","regulation of osteoclast differentiation","1/10","60/18842",0.0166666666666667,31.4033333333333,5.43537684751493,0.0313986880080401,0.0436357187721164,0.00829063355165334,"7124",1
"BP","GO:0045861","negative regulation of proteolysis","1/10","60/18842",0.0166666666666667,31.4033333333333,5.43537684751493,0.0313986880080401,0.0436357187721164,0.00829063355165334,"207",1
"BP","GO:0046545","development of primary female sexual characteristics","1/10","60/18842",0.0166666666666667,31.4033333333333,5.43537684751493,0.0313986880080401,0.0436357187721164,0.00829063355165334,"836",1
"BP","GO:0050688","regulation of defense response to virus","1/10","60/18842",0.0166666666666667,31.4033333333333,5.43537684751493,0.0313986880080401,0.0436357187721164,0.00829063355165334,"3553",1
"BP","GO:0051881","regulation of mitochondrial membrane potential","1/10","60/18842",0.0166666666666667,31.4033333333333,5.43537684751493,0.0313986880080401,0.0436357187721164,0.00829063355165334,"596",1
"BP","GO:0070301","cellular response to hydrogen peroxide","1/10","60/18842",0.0166666666666667,31.4033333333333,5.43537684751493,0.0313986880080401,0.0436357187721164,0.00829063355165334,"3569",1
"BP","GO:0042088","T-helper 1 type immune response","1/10","61/18842",0.0163934426229508,30.8885245901639,5.3878288364235,0.0319143952341033,0.0441295364585466,0.00838445718043092,"3553",1
"BP","GO:0045669","positive regulation of osteoblast differentiation","1/10","61/18842",0.0163934426229508,30.8885245901639,5.3878288364235,0.0319143952341033,0.0441295364585466,0.00838445718043092,"3569",1
"BP","GO:0071709","membrane assembly","1/10","61/18842",0.0163934426229508,30.8885245901639,5.3878288364235,0.0319143952341033,0.0441295364585466,0.00838445718043092,"5728",1
"BP","GO:0097479","synaptic vesicle localization","1/10","61/18842",0.0163934426229508,30.8885245901639,5.3878288364235,0.0319143952341033,0.0441295364585466,0.00838445718043092,"5728",1
"BP","GO:0120192","tight junction assembly","1/10","61/18842",0.0163934426229508,30.8885245901639,5.3878288364235,0.0319143952341033,0.0441295364585466,0.00838445718043092,"7124",1
"BP","GO:2000351","regulation of endothelial cell apoptotic process","1/10","61/18842",0.0163934426229508,30.8885245901639,5.3878288364235,0.0319143952341033,0.0441295364585466,0.00838445718043092,"7124",1
"BP","GO:0042446","hormone biosynthetic process","1/10","62/18842",0.0161290322580645,30.3903225806452,5.34141295753893,0.0324298553292874,0.0446552886977928,0.00848434826226036,"3091",1
"BP","GO:0043297","apical junction assembly","1/10","62/18842",0.0161290322580645,30.3903225806452,5.34141295753893,0.0324298553292874,0.0446552886977928,0.00848434826226036,"7124",1
"BP","GO:0046456","icosanoid biosynthetic process","1/10","62/18842",0.0161290322580645,30.3903225806452,5.34141295753893,0.0324298553292874,0.0446552886977928,0.00848434826226036,"3553",1
"BP","GO:0048145","regulation of fibroblast proliferation","1/10","62/18842",0.0161290322580645,30.3903225806452,5.34141295753893,0.0324298553292874,0.0446552886977928,0.00848434826226036,"7157",1
"BP","GO:0060261","positive regulation of transcription initiation by RNA polymerase II","1/10","62/18842",0.0161290322580645,30.3903225806452,5.34141295753893,0.0324298553292874,0.0446552886977928,0.00848434826226036,"7157",1
"BP","GO:0015800","acidic amino acid transport","1/10","63/18842",0.0158730158730159,29.9079365079365,5.29608428339685,0.0329450683988677,0.045213888550732,0.00859048027550647,"7124",1
"BP","GO:0015909","long-chain fatty acid transport","1/10","63/18842",0.0158730158730159,29.9079365079365,5.29608428339685,0.0329450683988677,0.045213888550732,0.00859048027550647,"207",1
"BP","GO:0071300","cellular response to retinoic acid","1/10","63/18842",0.0158730158730159,29.9079365079365,5.29608428339685,0.0329450683988677,0.045213888550732,0.00859048027550647,"7124",1
"BP","GO:0141137","positive regulation of gene expression, epigenetic","1/10","63/18842",0.0158730158730159,29.9079365079365,5.29608428339685,0.0329450683988677,0.045213888550732,0.00859048027550647,"7157",1
"BP","GO:0002437","inflammatory response to antigenic stimulus","1/10","64/18842",0.015625,29.440625,5.25180034901288,0.0334600345480773,0.0456172725341665,0.00866712181783393,"7124",1
"BP","GO:0010812","negative regulation of cell-substrate adhesion","1/10","64/18842",0.015625,29.440625,5.25180034901288,0.0334600345480773,0.0456172725341665,0.00866712181783393,"5728",1
"BP","GO:0030203","glycosaminoglycan metabolic process","1/10","64/18842",0.015625,29.440625,5.25180034901288,0.0334600345480773,0.0456172725341665,0.00866712181783393,"3553",1
"BP","GO:0032623","interleukin-2 production","1/10","64/18842",0.015625,29.440625,5.25180034901288,0.0334600345480773,0.0456172725341665,0.00866712181783393,"3553",1
"BP","GO:0032663","regulation of interleukin-2 production","1/10","64/18842",0.015625,29.440625,5.25180034901288,0.0334600345480773,0.0456172725341665,0.00866712181783393,"3553",1
"BP","GO:0039532","negative regulation of cytoplasmic pattern recognition receptor signaling pathway","1/10","64/18842",0.015625,29.440625,5.25180034901288,0.0334600345480773,0.0456172725341665,0.00866712181783393,"207",1
"BP","GO:0045058","T cell selection","1/10","64/18842",0.015625,29.440625,5.25180034901288,0.0334600345480773,0.0456172725341665,0.00866712181783393,"3569",1
"BP","GO:1902808","positive regulation of cell cycle G1/S phase transition","1/10","64/18842",0.015625,29.440625,5.25180034901288,0.0334600345480773,0.0456172725341665,0.00866712181783393,"207",1
"BP","GO:0002244","hematopoietic progenitor cell differentiation","1/10","65/18842",0.0153846153846154,28.9876923076923,5.20852098089943,0.0339747538821126,0.045977310376531,0.00873552774535768,"7157",1
"BP","GO:0006956","complement activation","1/10","65/18842",0.0153846153846154,28.9876923076923,5.20852098089943,0.0339747538821126,0.045977310376531,0.00873552774535768,"3553",1
"BP","GO:0048144","fibroblast proliferation","1/10","65/18842",0.0153846153846154,28.9876923076923,5.20852098089943,0.0339747538821126,0.045977310376531,0.00873552774535768,"7157",1
"BP","GO:0050709","negative regulation of protein secretion","1/10","65/18842",0.0153846153846154,28.9876923076923,5.20852098089943,0.0339747538821126,0.045977310376531,0.00873552774535768,"3553",1
"BP","GO:0051893","regulation of focal adhesion assembly","1/10","65/18842",0.0153846153846154,28.9876923076923,5.20852098089943,0.0339747538821126,0.045977310376531,0.00873552774535768,"5728",1
"BP","GO:0060760","positive regulation of response to cytokine stimulus","1/10","65/18842",0.0153846153846154,28.9876923076923,5.20852098089943,0.0339747538821126,0.045977310376531,0.00873552774535768,"3091",1
"BP","GO:0090109","regulation of cell-substrate junction assembly","1/10","65/18842",0.0153846153846154,28.9876923076923,5.20852098089943,0.0339747538821126,0.045977310376531,0.00873552774535768,"5728",1
"BP","GO:0098930","axonal transport","1/10","65/18842",0.0153846153846154,28.9876923076923,5.20852098089943,0.0339747538821126,0.045977310376531,0.00873552774535768,"3091",1
"BP","GO:2000401","regulation of lymphocyte migration","1/10","65/18842",0.0153846153846154,28.9876923076923,5.20852098089943,0.0339747538821126,0.045977310376531,0.00873552774535768,"207",1
"BP","GO:0044091","membrane biogenesis","1/10","66/18842",0.0151515151515152,28.5484848484849,5.16620814037739,0.0344892265061302,0.0463317436628323,0.00880286882688261,"5728",1
"BP","GO:0044773","mitotic DNA damage checkpoint signaling","1/10","66/18842",0.0151515151515152,28.5484848484849,5.16620814037739,0.0344892265061302,0.0463317436628323,0.00880286882688261,"7157",1
"BP","GO:0045123","cellular extravasation","1/10","66/18842",0.0151515151515152,28.5484848484849,5.16620814037739,0.0344892265061302,0.0463317436628323,0.00880286882688261,"7124",1
"BP","GO:0046626","regulation of insulin receptor signaling pathway","1/10","66/18842",0.0151515151515152,28.5484848484849,5.16620814037739,0.0344892265061302,0.0463317436628323,0.00880286882688261,"3553",1
"BP","GO:0046849","bone remodeling","1/10","66/18842",0.0151515151515152,28.5484848484849,5.16620814037739,0.0344892265061302,0.0463317436628323,0.00880286882688261,"3569",1
"BP","GO:0048640","negative regulation of developmental growth","1/10","66/18842",0.0151515151515152,28.5484848484849,5.16620814037739,0.0344892265061302,0.0463317436628323,0.00880286882688261,"5728",1
"BP","GO:0048662","negative regulation of smooth muscle cell proliferation","1/10","66/18842",0.0151515151515152,28.5484848484849,5.16620814037739,0.0344892265061302,0.0463317436628323,0.00880286882688261,"5728",1
"BP","GO:0072577","endothelial cell apoptotic process","1/10","66/18842",0.0151515151515152,28.5484848484849,5.16620814037739,0.0344892265061302,0.0463317436628323,0.00880286882688261,"7124",1
"BP","GO:2000106","regulation of leukocyte apoptotic process","1/10","66/18842",0.0151515151515152,28.5484848484849,5.16620814037739,0.0344892265061302,0.0463317436628323,0.00880286882688261,"7157",1
"BP","GO:0006278","RNA-templated DNA biosynthetic process","1/10","67/18842",0.0149253731343284,28.1223880597015,5.12482577979129,0.0350034525252473,0.0467562298698894,0.0088835197177003,"7157",1
"BP","GO:0006635","fatty acid beta-oxidation","1/10","67/18842",0.0149253731343284,28.1223880597015,5.12482577979129,0.0350034525252473,0.0467562298698894,0.0088835197177003,"207",1
"BP","GO:0030879","mammary gland development","1/10","67/18842",0.0149253731343284,28.1223880597015,5.12482577979129,0.0350034525252473,0.0467562298698894,0.0088835197177003,"207",1
"BP","GO:0051952","regulation of amine transport","1/10","67/18842",0.0149253731343284,28.1223880597015,5.12482577979129,0.0350034525252473,0.0467562298698894,0.0088835197177003,"7124",1
"BP","GO:0070527","platelet aggregation","1/10","67/18842",0.0149253731343284,28.1223880597015,5.12482577979129,0.0350034525252473,0.0467562298698894,0.0088835197177003,"3569",1
"BP","GO:0090559","regulation of membrane permeability","1/10","67/18842",0.0149253731343284,28.1223880597015,5.12482577979129,0.0350034525252473,0.0467562298698894,0.0088835197177003,"596",1
"BP","GO:1900076","regulation of cellular response to insulin stimulus","1/10","67/18842",0.0149253731343284,28.1223880597015,5.12482577979129,0.0350034525252473,0.0467562298698894,0.0088835197177003,"3553",1
"BP","GO:0019233","sensory perception of pain","1/10","68/18842",0.0147058823529412,27.7088235294118,5.08433971039045,0.0355174320445413,0.0472516360238015,0.00897764514972925,"7124",1
"BP","GO:0030324","lung development","1/10","68/18842",0.0147058823529412,27.7088235294118,5.08433971039045,0.0355174320445413,0.0472516360238015,0.00897764514972925,"7124",1
"BP","GO:0030534","adult behavior","1/10","68/18842",0.0147058823529412,27.7088235294118,5.08433971039045,0.0355174320445413,0.0472516360238015,0.00897764514972925,"5728",1
"BP","GO:0051898","negative regulation of phosphatidylinositol 3-kinase/protein kinase B signal transduction","1/10","68/18842",0.0147058823529412,27.7088235294118,5.08433971039045,0.0355174320445413,0.0472516360238015,0.00897764514972925,"5728",1
"BP","GO:1902475","L-alpha-amino acid transmembrane transport","1/10","68/18842",0.0147058823529412,27.7088235294118,5.08433971039045,0.0355174320445413,0.0472516360238015,0.00897764514972925,"7124",1
"BP","GO:0046620","regulation of organ growth","1/10","69/18842",0.0144927536231884,27.3072463768116,5.04471748077336,0.0360311651690516,0.047704453644029,0.00906367890970107,"5728",1
"BP","GO:0046660","female sex differentiation","1/10","69/18842",0.0144927536231884,27.3072463768116,5.04471748077336,0.0360311651690516,0.047704453644029,0.00906367890970107,"836",1
"BP","GO:0051123","RNA polymerase II preinitiation complex assembly","1/10","69/18842",0.0144927536231884,27.3072463768116,5.04471748077336,0.0360311651690516,0.047704453644029,0.00906367890970107,"7157",1
"BP","GO:0051966","regulation of synaptic transmission, glutamatergic","1/10","69/18842",0.0144927536231884,27.3072463768116,5.04471748077336,0.0360311651690516,0.047704453644029,0.00906367890970107,"7124",1
"BP","GO:0070918","regulatory ncRNA processing","1/10","69/18842",0.0144927536231884,27.3072463768116,5.04471748077336,0.0360311651690516,0.047704453644029,0.00906367890970107,"3569",1
"BP","GO:0098900","regulation of action potential","1/10","69/18842",0.0144927536231884,27.3072463768116,5.04471748077336,0.0360311651690516,0.047704453644029,0.00906367890970107,"7124",1
"BP","GO:0030323","respiratory tube development","1/10","70/18842",0.0142857142857143,26.9171428571429,5.00592826491154,0.0365446520037778,0.0482681763665897,0.00917078425021118,"7124",1
"BP","GO:0031397","negative regulation of protein ubiquitination","1/10","70/18842",0.0142857142857143,26.9171428571429,5.00592826491154,0.0365446520037778,0.0482681763665897,0.00917078425021118,"207",1
"BP","GO:2000379","positive regulation of reactive oxygen species metabolic process","1/10","70/18842",0.0142857142857143,26.9171428571429,5.00592826491154,0.0365446520037778,0.0482681763665897,0.00917078425021118,"7157",1
"BP","GO:0044774","mitotic DNA integrity checkpoint signaling","1/10","71/18842",0.0140845070422535,26.5380281690141,4.96794275887289,0.0370578926536794,0.0488288753162208,0.00927731508446799,"7157",1
"BP","GO:0045132","meiotic chromosome segregation","1/10","71/18842",0.0140845070422535,26.5380281690141,4.96794275887289,0.0370578926536794,0.0488288753162208,0.00927731508446799,"5728",1
"BP","GO:2000144","positive regulation of DNA-templated transcription initiation","1/10","71/18842",0.0140845070422535,26.5380281690141,4.96794275887289,0.0370578926536794,0.0488288753162208,0.00927731508446799,"7157",1
"BP","GO:0030330","DNA damage response, signal transduction by p53 class mediator","1/10","72/18842",0.0138888888888889,26.1694444444444,4.93073308545687,0.0375708872236792,0.049386572298005,0.00938327555536071,"7157",1
"BP","GO:0048709","oligodendrocyte differentiation","1/10","72/18842",0.0138888888888889,26.1694444444444,4.93073308545687,0.0375708872236792,0.049386572298005,0.00938327555536071,"5728",1
"BP","GO:1903578","regulation of ATP metabolic process","1/10","72/18842",0.0138888888888889,26.1694444444444,4.93073308545687,0.0375708872236792,0.049386572298005,0.00938327555536071,"3091",1
"BP","GO:0010833","telomere maintenance via telomere lengthening","1/10","73/18842",0.0136986301369863,25.8109589041096,4.8942727060349,0.038083635818659,0.049941288909139,0.009488669766281,"7157",1
"BP","GO:0140374","antiviral innate immune response","1/10","73/18842",0.0136986301369863,25.8109589041096,4.8942727060349,0.038083635818659,0.049941288909139,0.009488669766281,"7124",1
"BP","GO:0150116","regulation of cell-substrate junction organization","1/10","73/18842",0.0136986301369863,25.8109589041096,4.8942727060349,0.038083635818659,0.049941288909139,0.009488669766281,"5728",1
"CC","GO:0043209","myelin sheath","2/10","45/19979",0.0444444444444444,88.7955555555556,13.1940889358528,0.000220681135764757,0.0108133756524731,0.00673658203913468,"596/5728",2
"CC","GO:0016605","PML body","2/10","109/19979",0.018348623853211,36.6587155963303,8.35368043239834,0.00128981253762025,0.0316004071716962,0.0196866124163091,"7157/5728",2
"MF","GO:0002020","protease binding","5/10","140/18706",0.0357142857142857,66.8071428571428,18.0751698435895,5.34454085977398e-09,6.14622198874007e-07,1.96904136939041e-07,"7157/7124/836/596/5728",5
"MF","GO:0005126","cytokine receptor binding","4/10","278/18706",0.0143884892086331,26.9151079136691,10.0679447680641,9.34360303618371e-06,0.000537257174580563,0.000172119003298121,"7124/836/3553/3569",4
"MF","GO:0051721","protein phosphatase 2A binding","2/10","27/18706",0.0740740740740741,138.562962962963,16.5428792254745,8.9642604627284e-05,0.00343629984404589,0.00110087409191401,"7157/596",2
"MF","GO:0071889","14-3-3 protein binding","2/10","33/18706",0.0606060606060606,113.369696969697,14.9418247245868,0.000134616426847648,0.00387022227186989,0.00123988814201782,"207/7157",2
"MF","GO:0005125","cytokine activity","3/10","241/18706",0.012448132780083,23.2854771784232,8.05304840491885,0.00023704661980901,0.00531305565740487,0.00170212309390545,"7124/3553/3569",3
"MF","GO:0032813","tumor necrosis factor receptor superfamily binding","2/10","49/18706",0.0408163265306122,76.3510204081633,12.2143617641654,0.000298462286023298,0.00531305565740487,0.00170212309390545,"7124/836",2
"MF","GO:0001223","transcription coactivator binding","2/10","51/18706",0.0392156862745098,73.356862745098,11.9666254041234,0.000323403387842036,0.00531305565740487,0.00170212309390545,"7157/3091",2
"MF","GO:0030291","protein serine/threonine kinase inhibitor activity","2/10","56/18706",0.0357142857142857,66.8071428571429,11.4059677025387,0.000390063842422389,0.00537559313264039,0.00172215798299692,"207/836",2
"MF","GO:0031625","ubiquitin protein ligase binding","3/10","293/18706",0.0102389078498294,19.1529010238908,7.24305995132699,0.000420698592989248,0.00537559313264039,0.00172215798299692,"7157/596/3091",3
"MF","GO:0044389","ubiquitin-like protein ligase binding","3/10","313/18706",0.00958466453674121,17.9290734824281,6.98527615320436,0.000510306386872986,0.00586852344903933,0.00188007616216363,"7157/596/3091",3
"MF","GO:0002039","p53 binding","2/10","71/18706",0.028169014084507,52.6929577464789,10.0925373325604,0.000626733732589886,0.0065522162952579,0.00209910819527713,"7157/3091",2
"MF","GO:0046982","protein heterodimerization activity","3/10","368/18706",0.00815217391304348,15.2494565217391,6.38485049209646,0.00081772439588812,0.00783652546059448,0.00251055735579686,"7157/596/3091",3
"MF","GO:0004860","protein kinase inhibitor activity","2/10","97/18706",0.0206185567010309,38.5690721649485,8.57944758438036,0.00116559676763631,0.0103110483290904,0.00330331067751181,"207/836",2
"MF","GO:0019210","kinase inhibitor activity","2/10","101/18706",0.0198019801980198,37.0415841584158,8.39951534485884,0.00126278997242943,0.0103729176306703,0.00332313150639323,"207/836",2
"MF","GO:0140297","DNA-binding transcription factor binding","3/10","489/18706",0.00613496932515337,11.4760736196319,5.42899008749411,0.00185766681763746,0.0142421122685538,0.00456269042928498,"7157/596/3091",3
"MF","GO:0001221","transcription coregulator binding","2/10","127/18706",0.015748031496063,29.4582677165354,7.44223981327962,0.00198592262918804,0.0142738188972891,0.00457284815931457,"7157/3091",2
"MF","GO:0042826","histone deacetylase binding","2/10","133/18706",0.0150375939849624,28.1293233082707,7.26153205616025,0.00217505437283434,0.0147136031103499,0.00471374012688556,"7157/3091",2
"MF","GO:0070851","growth factor receptor binding","2/10","140/18706",0.0142857142857143,26.7228571428571,7.06526664937961,0.00240613466265825,0.0153725270114277,0.00492483702883268,"3553/3569",2
"MF","GO:0019903","protein phosphatase binding","2/10","148/18706",0.0135135135135135,25.2783783783784,6.8578732602185,0.00268389018690714,0.0162445984997011,0.00520421919898892,"7157/596",2
"MF","GO:0016247","channel regulator activity","2/10","186/18706",0.010752688172043,20.1139784946237,6.05886925003618,0.00419914451145367,0.0241450809408586,0.00773526620530939,"207/596",2
"MF","GO:0019902","phosphatase binding","2/10","195/18706",0.0102564102564103,19.185641025641,5.90385232711284,0.00460465376631523,0.0250413807894361,0.00802241032155849,"7157/596",2
"MF","GO:0141108","transporter regulator activity","2/10","199/18706",0.0100502512562814,18.8,5.83825465951275,0.00479052502058778,0.0250413807894361,0.00802241032155849,"207/596",2
"MF","GO:0001094","TFIID-class transcription factor complex binding","1/10","10/18706",0.1,187.06,13.6107849908675,0.00533431664429962,0.026277917657845,0.00841855485606017,"7157",1
"MF","GO:0030235","nitric-oxide synthase regulator activity","1/10","11/18706",0.0909090909090909,170.054545454545,12.9707463562859,0.00586633722803731,0.026277917657845,0.00841855485606017,"207",1
"MF","GO:0140666","annealing activity","1/10","11/18706",0.0909090909090909,170.054545454545,12.9707463562859,0.00586633722803731,0.026277917657845,0.00841855485606017,"7157",1
"MF","GO:0097371","MDM2/MDM4 family protein binding","1/10","12/18706",0.0833333333333333,155.883333333333,12.4121980666989,0.00639810169060573,0.026277917657845,0.00841855485606017,"7157",1
"MF","GO:0140537","transcription regulator activator activity","1/10","12/18706",0.0833333333333333,155.883333333333,12.4121980666989,0.00639810169060573,0.026277917657845,0.00841855485606017,"3091",1
"MF","GO:1990757","ubiquitin ligase activator activity","1/10","12/18706",0.0833333333333333,155.883333333333,12.4121980666989,0.00639810169060573,0.026277917657845,0.00841855485606017,"5728",1
"MF","GO:0004861","cyclin-dependent protein serine/threonine kinase inhibitor activity","1/10","13/18706",0.0769230769230769,143.892307692308,11.9191567106706,0.0069296101416112,0.0265635055428429,0.00851004754232954,"836",1
"MF","GO:0034594","phosphatidylinositol trisphosphate phosphatase activity","1/10","13/18706",0.0769230769230769,143.892307692308,11.9191567106706,0.0069296101416112,0.0265635055428429,0.00851004754232954,"5728",1
"MF","GO:0004438","phosphatidylinositol-3-phosphate phosphatase activity","1/10","14/18706",0.0714285714285714,133.614285714286,11.4797108354765,0.00746086269061819,0.0276773938522933,0.00886689963231363,"5728",1
"MF","GO:0099103","channel activator activity","1/10","15/18706",0.0666666666666667,124.706666666667,11.0847772963168,0.00799185944714997,0.0287207448881952,0.00920115396875819,"207",1
"MF","GO:0005149","interleukin-1 receptor binding","1/10","16/18706",0.0625,116.9125,10.7272924347169,0.00852260052068976,0.0288264429376271,0.00923501604409107,"3553",1
"MF","GO:0052744","phosphatidylinositol monophosphate phosphatase activity","1/10","16/18706",0.0625,116.9125,10.7272924347169,0.00852260052068976,0.0288264429376271,0.00923501604409107,"5728",1
"MF","GO:0019887","protein kinase regulator activity","2/10","274/18706",0.0072992700729927,13.6540145985401,4.88002321789472,0.00890186005627907,0.0292489687563455,0.00937037900660955,"207/836",2
"MF","GO:0016004","phospholipase activator activity","1/10","18/18706",0.0555555555555556,103.922222222222,10.103422186833,0.00958331605651752,0.0297859823378247,0.00954241997092783,"836",1
"MF","GO:0097027","ubiquitin-protein transferase activator activity","1/10","18/18706",0.0555555555555556,103.922222222222,10.103422186833,0.00958331605651752,0.0297859823378247,0.00954241997092783,"5728",1
"MF","GO:0052745","inositol phosphate phosphatase activity","1/10","20/18706",0.05,93.53,9.5751126991177,0.0106430101731427,0.0312766091616355,0.0100199663218054,"5728",1
"MF","GO:1990381","ubiquitin-specific protease binding","1/10","20/18706",0.05,93.53,9.5751126991177,0.0106430101731427,0.0312766091616355,0.0100199663218054,"5728",1
"MF","GO:0019207","kinase regulator activity","2/10","308/18706",0.00649350649350649,12.1467532467532,4.56187041939517,0.0111440020852669,0.0312766091616355,0.0100199663218054,"207/836",2
"MF","GO:0005123","death receptor binding","1/10","21/18706",0.0476190476190476,89.0761904761905,9.3395537285995,0.0111724744725258,0.0312766091616355,0.0100199663218054,"836",1
"MF","GO:0001217","DNA-binding transcription repressor activity","2/10","312/18706",0.00641025641025641,11.9910256410256,4.52774472782228,0.0114227616068582,0.0312766091616355,0.0100199663218054,"7157/3091",2
"MF","GO:0001091","RNA polymerase II general transcription initiation factor binding","1/10","24/18706",0.0416666666666667,77.9416666666667,8.72288271373696,0.0127593376456736,0.0339576663690568,0.0108788862509564,"7157",1
"MF","GO:0060229","lipase activator activity","1/10","25/18706",0.04,74.824,8.54224500528306,0.0132877824922396,0.0339576663690568,0.0108788862509564,"836",1
"MF","GO:0141109","transporter activator activity","1/10","25/18706",0.04,74.824,8.54224500528306,0.0132877824922396,0.0339576663690568,0.0108788862509564,"207",1
"MF","GO:0034593","phosphatidylinositol bisphosphate phosphatase activity","1/10","26/18706",0.0384615384615385,71.9461538461538,8.37204590459306,0.0138159727483868,0.0343656141700387,0.0110095789103099,"5728",1
"MF","GO:0061629","RNA polymerase II-specific DNA-binding transcription factor binding","2/10","351/18706",0.0056980056980057,10.6586894586895,4.22473111669398,0.0143019542064433,0.0343656141700387,0.0110095789103099,"7157/3091",2
"MF","GO:0097718","disordered domain specific binding","1/10","27/18706",0.037037037037037,69.2814814814815,8.21131122182027,0.0143439085231466,0.0343656141700387,0.0110095789103099,"7157",1
"MF","GO:0043325","phosphatidylinositol-3,4-bisphosphate binding","1/10","29/18706",0.0344827586206897,64.5034482758621,7.91493321163911,0.0153990170644309,0.0361405502532562,0.011578208319121,"207",1
"MF","GO:0005164","tumor necrosis factor receptor binding","1/10","31/18706",0.032258064516129,60.341935483871,7.64745192153125,0.0164531089875347,0.03710014771699,0.0118856308475483,"7124",1
"MF","GO:0052866","phosphatidylinositol phosphate phosphatase activity","1/10","31/18706",0.032258064516129,60.341935483871,7.64745192153125,0.0164531089875347,0.03710014771699,0.0118856308475483,"5728",1
"MF","GO:0004175","endopeptidase activity","2/10","403/18706",0.00496277915632754,9.2833746898263,3.88779356372878,0.0185824396129313,0.0406416320819424,0.0130202024976475,"836/4318",2
"MF","GO:0004190","aspartic-type endopeptidase activity","1/10","36/18706",0.0277777777777778,51.9611111111111,7.07819440301962,0.0190838968036947,0.0406416320819424,0.0130202024976475,"836",1
"MF","GO:0055106","ubiquitin-protein transferase regulator activity","1/10","36/18706",0.0277777777777778,51.9611111111111,7.07819440301962,0.0190838968036947,0.0406416320819424,0.0130202024976475,"5728",1
"MF","GO:0070001","aspartic-type peptidase activity","1/10","37/18706",0.027027027027027,50.5567567567568,6.97826916475112,0.0196092937523801,0.0410012505731583,0.013135412082934,"836",1
"MF","GO:0005547","phosphatidylinositol-3,4,5-trisphosphate binding","1/10","41/18706",0.024390243902439,45.6243902439024,6.61537903642741,0.0217083497850943,0.0445796468801043,0.014281809069141,"207",1
"MF","GO:0051879","Hsp90 protein binding","1/10","42/18706",0.0238095238095238,44.5380952380952,6.53275263693814,0.0222324813951746,0.044855006323598,0.0143700249091618,"3091",1
"MF","GO:0004712","protein serine/threonine/tyrosine kinase activity","1/10","43/18706",0.0232558139534884,43.5023255813954,6.4529856619395,0.0227563602628367,0.0449422919840734,0.0143979882786505,"207",1
"MF","GO:0001228","DNA-binding transcription activator activity, RNA polymerase II-specific","2/10","452/18706",0.00442477876106195,8.27699115044248,3.62198416812696,0.0230573498005246,0.0449422919840734,0.0143979882786505,"7157/3091",2
"MF","GO:0001216","DNA-binding transcription activator activity","2/10","460/18706",0.00434782608695652,8.13304347826087,3.58240315197875,0.0238271816005929,0.0456687647344698,0.0146307255442237,"7157/3091",2
"MF","GO:0004857","enzyme inhibitor activity","2/10","470/18706",0.00425531914893617,7.96,3.5342550187994,0.0248046167180962,0.0460915371722703,0.0147661675151438,"207/836",2
"MF","GO:0001046","core promoter sequence-specific DNA binding","1/10","47/18706",0.0212765957446809,39.8,6.15943645057687,0.0248493504754849,0.0460915371722703,0.0147661675151438,"7157",1
"MF","GO:0001222","transcription corepressor binding","1/10","51/18706",0.0196078431372549,36.678431372549,5.9006209921801,0.0269383054692892,0.0482025506295776,0.0154424647325878,"3091",1
"MF","GO:0016538","cyclin-dependent protein serine/threonine kinase regulator activity","1/10","52/18706",0.0192307692307692,35.9730769230769,5.84055388775548,0.0274599145255913,0.0482025506295776,0.0154424647325878,"836",1
"MF","GO:0019914","cyclin-dependent protein kinase regulator activity","1/10","52/18706",0.0192307692307692,35.9730769230769,5.84055388775548,0.0274599145255913,0.0482025506295776,0.0154424647325878,"836",1
"MF","GO:0016248","channel inhibitor activity","1/10","54/18706",0.0185185185185185,34.6407407407407,5.72537889968097,0.0285023777635763,0.0482025506295776,0.0154424647325878,"596",1
"MF","GO:0140296","general transcription initiation factor binding","1/10","54/18706",0.0185185185185185,34.6407407407407,5.72537889968097,0.0285023777635763,0.0482025506295776,0.0154424647325878,"7157",1
"MF","GO:0140693","molecular condensate scaffold activity","1/10","54/18706",0.0185185185185185,34.6407407407407,5.72537889968097,0.0285023777635763,0.0482025506295776,0.0154424647325878,"7157",1
